pgsId,name,trait,reportedVariants,variantsInFile,palindromic,unmappedInFile,duplicateCoordinatesInFile,v2_matched,v2_missing,v2_overlapPercent,v2_weightCoveragePercent,v3_matched,v3_missing,v3_overlapPercent,v3_weightCoveragePercent,v4_matched,v4_missing,v4_overlapPercent,v4_weightCoveragePercent,v5_matched,v5_missing,v5_overlapPercent,v5_weightCoveragePercent
PGS000001,PRS77_BC,Breast Cancer,77,77,7,0,0,42,35,54.5455,55.1979,54,23,70.1299,72.1198,44,33,57.1429,60.6541,74,3,96.1039,96.587
PGS000002,PRS77_ERpos,ER-positive Breast Cancer,77,77,7,0,0,42,35,54.5455,57.3931,54,23,70.1299,72.4177,44,33,57.1429,61.0957,74,3,96.1039,96.1794
PGS000003,PRS77_ERneg,ER-negative Breast Cancer,77,77,7,0,0,42,35,54.5455,46.0838,54,23,70.1299,71.1687,44,33,57.1429,60.0385,74,3,96.1039,97.9543
PGS000004,PRS313_BC,Breast Cancer,313,313,31,0,0,28,285,8.9457,9.2738,52,261,16.6134,16.6608,36,277,11.5016,12.5376,70,243,22.3642,25.7481
PGS000005,PRS313_ERpos,ER-positive Breast Cancer,313,313,31,0,0,28,285,8.9457,9.8621,52,261,16.6134,16.6558,36,277,11.5016,12.6532,70,243,22.3642,25.9426
PGS000006,PRS313_ERneg,ER-negative Breast Cancer,313,313,31,0,0,28,285,8.9457,8.2677,52,261,16.6134,18.3313,36,277,11.5016,14.1776,70,243,22.3642,25.2381
PGS000010,GRS27,Coronary heart disease,27,27,0,0,0,12,15,44.4444,50.6094,19,8,70.3704,82.5639,20,7,74.0741,84.5743,26,1,96.2963,97.9896
PGS000011,GRS50,Coronary artery disease,50,50,6,0,0,23,27,46,50.6919,37,13,74,80.9902,32,18,64,74.9684,40,10,80,86.0827
PGS000019,GRS_CAD,Coronary artery disease,192,192,0,5,0,27,165,14.0625,12.9449,38,154,19.7917,17.9192,29,163,15.1042,14.1693,28,164,14.5833,19.3064
PGS000021,GRS1,Type 1 diabetes (T1D),33,33,0,8,0,18,15,54.5455,17.1889,24,9,72.7273,22.4978,21,12,63.6364,17.624,19,14,57.5758,14.3603
PGS000022,T1D_GRS,Type 1 diabetes (T1D),37,37,0,9,0,19,18,51.3514,18.5276,27,10,72.973,24.2692,22,15,59.4595,16.8448,22,15,59.4595,14.9201
PGS000023,AA_GRS,Type 1 diabetes (T1D),7,7,0,0,0,4,3,57.1429,50.3206,4,3,57.1429,50.3206,3,4,42.8571,44.9372,3,4,42.8571,44.9372
PGS000024,GRS2,Type 1 diabetes (T1D),85,85,0,32,0,12,73,14.1176,4.0773,17,68,20,5.3193,15,70,17.6471,5.202,21,64,24.7059,7.8011
PGS000025,GRS,Alzheimer's disease,19,19,0,0,0,4,15,21.0526,17.5799,8,11,42.1053,43.4608,6,13,31.5789,36.0317,18,1,94.7368,93.9729
PGS000026,PHS,Alzheimer's disease,33,33,4,2,0,3,30,9.0909,7.9861,10,23,30.303,27.0833,6,27,18.1818,15.4514,27,6,81.8182,64.2361
PGS000028,PRS,Breast cancer,83,86,6,0,0,47,39,54.6512,50.1523,63,23,73.2558,70.2834,53,33,61.6279,59.7038,83,3,96.5116,96.8033
PGS000029,PRS_AS,Breast cancer,76,76,4,0,0,44,32,57.8947,57.6751,57,19,75,77.842,47,29,61.8421,66.7281,74,2,97.3684,98.0958
PGS000030,PrCa,Prostate cancer,147,147,0,0,0,58,89,39.4558,39.6407,73,74,49.6599,47.3316,61,86,41.4966,50.2821,95,52,64.6259,67.006
PGS000031,GRSt,Type 2 diabetes (T2D),62,62,0,0,0,28,34,45.1613,48.9,41,21,66.129,69.9406,30,32,48.3871,52.1729,36,26,58.0645,67.5823
PGS000032,GRSB,Type 2 diabetes (based on SNPs involved in β-cell function),20,20,0,0,0,13,7,65,70.4109,15,5,75,77.1983,14,6,70,74.8997,15,5,75,81.4594
PGS000033,GRSIR,Type 2 diabetes (based on SNPs involved in insulin resistance),10,10,0,0,0,5,5,50,49.5884,6,4,60,64.6608,5,5,50,49.5884,7,3,70,81.0105
PGS000034,GRS_BMI,Adult body mass index (BMI),97,97,5,0,0,36,61,37.1134,32.7925,60,37,61.8557,61.8491,36,61,37.1134,36.7547,88,9,90.7216,90.8302
PGS000037,PGS_AST,Asthma,15,15,0,0,0,15,0,100,100,15,0,100,100,14,1,93.3333,91.326,9,6,60,59.7832
PGS000038,PRS90,Stroke,90,90,0,0,0,6,84,6.6667,4.1964,18,72,20,14.568,10,80,11.1111,7.3594,10,80,11.1111,10.5618
PGS000040,GRS_CeD,Coeliac disease,228,228,0,0,0,216,12,94.7368,93.8363,216,12,94.7368,93.8363,199,29,87.2807,90.389,210,18,92.1053,92.5679
PGS000043,PRS_VTE,Venous thromboembolism,297,297,47,0,0,27,270,9.0909,6.3716,50,247,16.835,11.9164,28,269,9.4276,8.9518,35,262,11.7845,13.0477
PGS000044,PrCa66,Prostate cancer,66,66,0,0,0,53,13,80.303,84.5,60,6,90.9091,93.3307,52,14,78.7879,83.869,56,10,84.8485,85.3545
PGS000045,BCPRS_Overall,Breast cancer,88,88,8,0,0,35,53,39.7727,34.1823,46,42,52.2727,47.9893,34,54,38.6364,35.7909,72,16,81.8182,80.8311
PGS000046,BCPRS_ER+,Estrogen receptor [ER]-positive breast cancer,87,87,8,0,0,35,52,40.2299,34.2929,46,41,52.8736,47.6846,34,53,39.0805,35.4193,72,15,82.7586,81.3517
PGS000047,BCPRS_ER-,Estrogen receptor [ER]-negative breast cancer,53,53,3,0,0,22,31,41.5094,33.7278,29,24,54.717,52.6627,21,32,39.6226,37.8698,44,9,83.0189,84.6154
PGS000048,OCPRS_Overall,Ovarian cancer,17,17,2,0,0,3,14,17.6471,16.129,3,14,17.6471,16.129,3,14,17.6471,16.129,6,11,35.2941,31.5412
PGS000049,PRS103_PrCa,Prostate Cancer,103,103,0,0,0,22,81,21.3592,24.0685,34,69,33.0097,32.7169,21,82,20.3883,23.6795,45,58,43.6893,41.6491
PGS000050,PRS44,Breast cancer,44,44,4,0,0,22,22,50,47.8411,28,16,63.6364,64.8477,26,18,59.0909,62.5166,41,3,93.1818,94.1987
PGS000051,PRS67,Breast Cancer,67,67,0,0,0,39,28,58.209,57.7928,49,18,73.1343,74.0702,42,25,62.6866,65.4558,62,5,92.5373,94.2398
PGS000052,sPRS161,Breast cancer,161,161,14,0,0,41,120,25.4658,23.6556,61,100,37.8882,37.681,43,118,26.7081,28.713,118,43,73.2919,73.677
PGS000053,ALZ21_NIA-LOAD,Alzheimer's disease (late onset),21,21,0,0,0,5,16,23.8095,17.3249,10,11,47.619,51.1923,7,14,33.3333,33.234,20,1,95.2381,94.7839
PGS000054,ALZ21_EFIGA,Alzheimer's disease (late onset),21,21,0,0,0,0,21,0,0,0,21,0,0,0,21,0,0,0,21,0,0
PGS000055,PRS_CRC,Colorectal cancer,76,76,8,0,0,37,39,48.6842,48.5012,44,32,57.8947,57.5343,38,38,50,48.8158,53,23,69.7368,75.1259
PGS000056,PD_PRS,Parkinson's disease,23,23,1,0,0,3,20,13.0435,6.9193,5,18,21.7391,12.1766,9,14,39.1304,25.5526,16,7,69.5652,58.1296
PGS000057,CHD57,Coronary heart disease,57,57,0,0,0,29,28,50.8772,53.3917,43,14,75.4386,78.7746,37,20,64.9123,69.8031,40,17,70.1754,74.8359
PGS000058,CAD_GRS_204,Coronary artery disease,204,204,24,0,0,60,144,29.4118,27.9954,88,116,43.1373,39.3537,64,140,31.3725,31.1907,65,139,31.8627,37.8831
PGS000059,CHD46,Coronary heart disease,46,46,0,0,0,18,28,39.1304,44.0454,25,21,54.3478,56.3327,26,20,56.5217,59.1682,30,16,65.2174,62.0038
PGS000060,GRS_HDL,HDL cholesterol,46,46,6,0,0,19,27,41.3043,47.7341,25,21,54.3478,61.0777,22,24,47.8261,57.8407,42,4,91.3043,93.5298
PGS000061,GRS_LDL,Low-density lipoprotein (LDL) cholesterol,37,37,7,0,0,16,21,43.2432,52.124,19,18,51.3514,54.9327,17,20,45.9459,54.8673,33,4,89.1892,93.5729
PGS000062,GRS_TC,Total cholesterol,52,52,9,0,0,24,28,46.1538,51.9219,31,21,59.6154,62.2999,26,26,50,55.9263,47,5,90.3846,94.184
PGS000063,GRS_TG,Triglycerides,32,32,6,0,0,12,20,37.5,40.3153,18,14,56.25,57.8028,13,19,40.625,52.7127,28,4,87.5,90.6156
PGS000064,GLGC2017_HDL,HDL cholesterol,120,120,7,0,0,58,62,48.3333,48.9128,81,39,67.5,73.5237,66,54,55,61.7219,82,38,68.3333,73.3453
PGS000065,GLGC2017_LDL,LDL cholesterol,103,103,11,0,0,54,49,52.4272,59.425,78,25,75.7282,80.6856,70,33,67.9612,74.9846,75,28,72.8155,80.2446
PGS000066,GLGC2017_TG,Triglycerides (TG),101,101,6,0,0,54,47,53.4653,54.2179,75,26,74.2574,74.7148,61,40,60.396,63.7909,76,25,75.2475,79.3976
PGS000067,PCa_PHS,Prostate cancer,54,54,8,0,0,10,44,18.5185,6.7051,19,35,35.1852,14.1942,13,41,24.0741,9.0295,14,40,25.9259,12.2631
PGS000068,PRS_EOC,Epithelial ovarian cancer,15,15,1,0,0,1,14,6.6667,8.7912,3,12,20,14.8352,2,13,13.3333,13.1868,4,11,26.6667,20.3297
PGS000069,PRS_sEOC,Serous epithelial ovarian cancer,15,15,1,0,0,1,14,6.6667,10.0418,3,12,20,18.8285,2,13,13.3333,15.0628,4,11,26.6667,23.8494
PGS000070,PRS_LC_C,Lung cancer,19,19,1,0,0,3,16,15.7895,20.1627,4,15,21.0526,24.4435,3,16,15.7895,20.1627,3,16,15.7895,12.1147
PGS000071,CC_Bladder,Bladder cancer,15,15,0,0,0,13,2,86.6667,86.5563,13,2,86.6667,86.5563,14,1,93.3333,92.9339,14,1,93.3333,91.262
PGS000072,CC_Breast,Breast cancer,187,187,13,0,0,48,139,25.6684,17.6345,71,116,37.9679,37.4504,49,138,26.2032,19.6964,128,59,68.4492,51.5021
PGS000073,CC_Cervix,Cervical cancer,10,10,0,0,0,1,9,10,5.8482,5,5,50,44.055,2,8,20,15.9525,4,6,40,34.1489
PGS000074,CC_Colorectal,Colorectal cancer,103,103,9,0,0,20,83,19.4175,18.173,28,75,27.1845,23.6684,21,82,20.3883,19.0028,35,68,33.9806,44.4836
PGS000075,CC_Endo,Endometrial cancer,9,9,2,0,0,2,7,22.2222,14.7476,2,7,22.2222,14.7476,2,7,22.2222,14.7476,1,8,11.1111,12.8823
PGS000076,CC_Kidney,Kidney cancer,19,19,0,0,0,5,14,26.3158,33.5789,7,12,36.8421,38.3661,5,14,26.3158,33.5789,15,4,78.9474,77.4583
PGS000077,CC_LL,Lymphocytic leukemia,75,75,7,0,0,25,50,33.3333,31.7306,37,38,49.3333,53.8672,29,46,38.6667,40.5083,35,40,46.6667,48.6807
PGS000078,CC_Lung,Lung cancer,109,109,13,0,0,21,88,19.2661,17.1516,31,78,28.4404,27.1061,22,87,20.1835,19.5357,33,76,30.2752,29.751
PGS000079,CC_Melanoma,Melanoma,24,24,0,0,0,13,11,54.1667,52.0163,16,8,66.6667,75.3694,13,11,54.1667,56.2086,17,7,70.8333,72.1822
PGS000080,CC_NHL,Non-Hodgkin's lymphoma,19,19,3,0,0,7,12,36.8421,28.5847,10,9,52.6316,42.5073,8,11,42.1053,32.8143,13,6,68.4211,69.8253
PGS000081,CC_Oral,Oral cavity and pharyngeal cancers,14,14,1,0,0,4,10,28.5714,31.6216,3,11,21.4286,15.4895,4,10,28.5714,31.6216,5,9,35.7143,37.5366
PGS000082,CC_Ovary,Ovarian cancer,36,36,3,0,0,6,30,16.6667,11.2539,10,26,27.7778,17.434,7,29,19.4444,12.2762,17,19,47.2222,28.5619
PGS000083,CC_Pancreas,Pancreatic cancer,22,22,3,0,0,8,14,36.3636,34.9878,16,6,72.7273,73.2447,8,14,36.3636,40.507,13,9,59.0909,56.5948
PGS000084,CC_Prostate,Prostate cancer,161,161,10,0,0,68,93,42.236,40.2509,88,73,54.6584,49.6373,70,91,43.4783,39.6019,97,64,60.2484,52.944
PGS000086,CC_Testis,Testicular cancer,52,52,6,0,0,29,23,55.7692,55.4284,33,19,63.4615,64.4578,28,24,53.8462,56.3766,28,24,53.8462,63.369
PGS000087,CC_Thyroid,Thyroid cancer,12,12,3,0,0,2,10,16.6667,11.7476,2,10,16.6667,11.7476,2,10,16.6667,11.7476,3,9,25,28.6562
PGS000114,GRS-JIA-20,Juvenile Idiopathic Arthritis,26,26,0,0,0,2,24,7.6923,1.0093,4,22,15.3846,8.6017,2,24,7.6923,1.0093,6,20,23.0769,14.9046
PGS000115,LDL-C_20,LDL cholesterol,223,223,15,0,0,97,126,43.4978,41.2192,142,81,63.6771,57.0611,118,105,52.9148,54.5188,168,55,75.3363,67.082
PGS000118,MEL29,Melanoma,29,29,0,0,0,11,18,37.931,33.6142,13,16,44.8276,48.8001,10,19,34.4828,31.0496,17,12,58.6207,60.9819
PGS000119,BCC32,Basal cell carcinoma,32,32,0,0,0,6,26,18.75,24.429,9,23,28.125,36.9191,8,24,25,33.0337,14,18,43.75,65.2598
PGS000120,SCC10,Squamous cell carcinoma,10,10,0,0,0,3,7,30,31.3729,5,5,50,51.7047,4,6,40,35.8366,6,4,60,58.893
PGS000121,2018_BMD62_GRS.FN,Bone mineral density (BMD),62,62,0,0,0,58,4,93.5484,93.5484,60,2,96.7742,96.7742,51,11,82.2581,82.2581,26,36,41.9355,41.9355
PGS000122,2018_BMD33_GRS.FN,Bone mineral density (BMD),33,33,0,0,0,31,2,93.9394,93.9394,32,1,96.9697,96.9697,29,4,87.8788,87.8788,14,19,42.4242,42.4242
PGS000123,2017_PD16,Parkinson's disease,16,16,0,0,0,2,14,12.5,6.7738,4,12,25,15.1004,5,11,31.25,25.676,11,5,68.75,71.3521
PGS000124,IOP_AS,Intraocular pressure,103,103,10,0,0,16,87,15.534,15.2899,28,75,27.1845,26.8197,15,88,14.5631,15.0257,13,90,12.6214,15.5467
PGS000125,Qi_T2D_2017,Type 2 diabetes (T2D),80,80,7,0,0,41,39,51.25,51.25,58,22,72.5,72.5,44,36,55,55,59,21,73.75,73.75
PGS000126,Urate_GRS,Serum urate,114,114,19,0,0,20,94,17.5439,18.2144,30,84,26.3158,22.0688,22,92,19.2982,19.6486,23,91,20.1754,24.0947
PGS000127,GS-E-EUR,HbA1c,21,21,1,0,0,8,13,38.0952,35.6098,12,9,57.1429,49.5122,9,12,42.8571,41.4634,9,12,42.8571,43.6585
PGS000128,GS-E-AFR,HbA1c,22,22,1,0,0,9,13,40.9091,80.8298,13,9,59.0909,85.8369,10,12,45.4545,80.8298,10,12,45.4545,79.5422
PGS000129,GS-E-EAS,HbA1c,17,17,0,0,0,7,10,41.1765,31.0481,10,7,58.8235,62.2143,8,9,47.0588,47.2419,7,10,41.1765,49.4484
PGS000130,GS-G-EUR,HbA1c,19,19,1,0,0,7,12,36.8421,44.697,15,4,78.9474,81.4394,12,7,63.1579,71.2121,16,3,84.2105,83.3333
PGS000131,GS-G-AFR,HbA1c,19,19,1,0,0,7,12,36.8421,48.318,15,4,78.9474,89.2966,12,7,63.1579,72.1713,16,3,84.2105,89.9083
PGS000132,GS-G-EAS,HbA1c,19,19,1,0,0,7,12,36.8421,47.6913,15,4,78.9474,87.361,12,7,63.1579,71.9582,16,3,84.2105,86.6195
PGS000146,CRC_GRS_27,Colorectal cancer,27,27,1,0,0,21,6,77.7778,79.6011,22,5,81.4815,82.8061,23,4,85.1852,86.0083,22,5,81.4815,85.8318
PGS000147,CRC21,Colorectal cancer,21,21,0,0,0,19,2,90.4762,90.4762,20,1,95.2381,95.2381,20,1,95.2381,95.2381,16,5,76.1905,76.1905
PGS000148,CRC63,Colorectal cancer,63,63,4,0,0,35,28,55.5556,55.7248,41,22,65.0794,67.3986,37,26,58.7302,62.9845,49,14,77.7778,83.464
PGS000149,CRC41,Colorectal cancer,41,41,0,0,0,26,15,63.4146,62.4422,29,12,70.7317,69.8451,27,14,65.8537,65.0636,35,6,85.3659,88.607
PGS000150,GRS48,Colorectal cancer,48,48,5,0,0,30,18,62.5,62.5,33,15,68.75,68.75,32,16,66.6667,66.6667,34,14,70.8333,70.8333
PGS000151,SC_GRS,Colorectal cancer,14,14,0,0,0,6,8,42.8571,42.8571,9,5,64.2857,64.2857,5,9,35.7143,35.7143,9,5,64.2857,64.2857
PGS000152,cGRS_Bladder,Bladder cancer,10,10,0,0,0,8,2,80,78.9548,8,2,80,78.9548,9,1,90,89.2515,9,1,90,90.0329
PGS000153,cGRS_Breast,Breast cancer,66,66,0,0,0,36,30,54.5455,53.6641,46,20,69.697,69.4848,36,30,54.5455,53.9184,57,9,86.3636,86.3272
PGS000154,cGRS_Colorectal,Colorectal cancer,30,30,0,0,0,20,10,66.6667,66.7869,21,9,70,69.9275,20,10,66.6667,66.7869,19,11,63.3333,64.0523
PGS000155,cGRS_Glioma,Glioma,19,19,0,0,0,11,8,57.8947,58.2448,11,8,57.8947,58.2448,10,9,52.6316,53.3564,6,13,31.5789,34.4559
PGS000156,cGRS_Lung,Lung cancer,6,6,0,0,0,3,3,50,49.1351,3,3,50,49.1351,3,3,50,49.1351,2,4,33.3333,32.9449
PGS000157,cGRS_Melanoma,Melanoma,17,17,0,0,0,10,7,58.8235,59.7172,13,4,76.4706,76.5754,8,9,47.0588,48.974,11,6,64.7059,64.0824
PGS000158,cGRS_Ovarian,Ovarian cancer,11,10,0,0,0,8,2,80,80.2739,8,2,80,80.2739,8,2,80,80.2739,9,1,90,92.0412
PGS000159,cGRS_Pancreatic,Pancreatic cancer,9,9,0,0,0,6,3,66.6667,67.2362,9,0,100,100,5,4,55.5556,55.7216,8,1,88.8889,86.9703
PGS000160,cGRS_Prostate,Prostate cancer,79,79,0,0,0,42,37,53.1646,53.3022,51,28,64.557,64.6231,43,36,54.4304,54.6954,58,21,73.4177,73.4997
PGS000161,cGRS_Renal,Renal cancer,10,10,0,0,0,4,6,40,38.9561,5,5,50,47.4855,4,6,40,38.9561,10,0,100,100
PGS000162,cGRS_Thyroid,Thyroid cancer,6,6,0,0,0,3,3,50,45.9536,4,2,66.6667,65.4746,3,3,50,45.9536,3,3,50,52.3772
PGS000163,baso,Basophil count,185,185,28,0,0,24,161,12.973,13.9169,33,152,17.8378,18.6604,28,157,15.1351,20.5423,18,167,9.7297,14.5601
PGS000164,baso_p,Basophil percentage of white cells,150,150,25,0,0,20,130,13.3333,12.9715,28,122,18.6667,18.8767,23,127,15.3333,18.7916,15,135,10,12.4406
PGS000165,eo,Eosinophil count,607,607,64,0,0,68,539,11.2026,11.3987,105,502,17.2982,18.3084,73,534,12.0264,13.6288,57,550,9.3904,13.5117
PGS000166,eo_p,Eosinophil percentage of white cells,571,571,72,0,0,54,517,9.4571,9.3587,91,480,15.937,16.0973,61,510,10.683,11.5819,61,510,10.683,14.3434
PGS000167,hct,Hematocrit,502,502,70,0,0,52,450,10.3586,12.3658,97,405,19.3227,19.857,66,436,13.1474,16.558,58,444,11.5538,15.9516
PGS000168,hgb,Hemoglobin concentration,515,515,84,0,0,57,458,11.068,13.8029,95,420,18.4466,20.2696,67,448,13.0097,17.4314,60,455,11.6505,16.2733
PGS000169,hlr,High light scatter reticulocyte count,570,570,72,0,0,57,513,10,9.3501,84,486,14.7368,13.5289,63,507,11.0526,10.8958,63,507,11.0526,15.5133
PGS000170,hlr_p,High light scatter reticulocyte percentage of red cells,566,566,61,0,0,59,507,10.424,9.5387,81,485,14.311,12.972,65,501,11.4841,11.2064,68,498,12.0141,15.2974
PGS000171,irf,Immature fraction of reticulocytes,372,372,53,0,0,37,335,9.9462,10.2783,57,315,15.3226,15.3857,41,331,11.0215,11.2759,42,330,11.2903,13.7638
PGS000172,lymph,Lymphocyte count,621,621,89,0,0,65,556,10.467,10.6643,100,521,16.1031,17.3783,69,552,11.1111,12.5959,67,554,10.789,13.7233
PGS000173,lymph_p,Lymphocyte percentage of white cells,472,472,64,0,0,60,412,12.7119,11.5742,88,384,18.6441,17.457,65,407,13.7712,14.5171,53,419,11.2288,12.4614
PGS000174,mch,Mean corpuscular hemoglobin,628,628,87,0,0,54,574,8.5987,10.3241,92,536,14.6497,15.8125,61,567,9.7134,12.2039,69,559,10.9873,15.8127
PGS000175,mchc,Mean corpuscular hemoglobin concentration,224,224,32,0,0,19,205,8.4821,11.7499,29,195,12.9464,15.3097,22,202,9.8214,13.1382,25,199,11.1607,19.6366
PGS000176,mcv,Mean corpuscular volume,685,685,69,0,0,70,615,10.219,11.0333,102,583,14.8905,15.2875,76,609,11.0949,12.2705,66,619,9.635,13.6959
PGS000177,mono,Monocyte count,638,638,79,0,1,72,566,11.2853,11.1735,104,534,16.3009,15.7718,76,562,11.9122,14.9103,59,579,9.2476,13.1926
PGS000178,mono_p,Monocyte percentage of white cells,549,549,89,0,1,71,478,12.9326,12.2522,103,446,18.7614,16.5997,75,474,13.6612,15.7916,56,493,10.2004,14.2914
PGS000179,mpv,Mean platelet volume,654,654,85,0,0,70,584,10.7034,10.5721,116,538,17.737,17.1359,76,578,11.6208,13.0284,78,576,11.9266,16.0657
PGS000180,mrv,Mean reticulocyte volume,629,629,85,0,0,67,562,10.6518,9.051,118,511,18.7599,16.5629,79,550,12.5596,11.885,65,564,10.3339,12.5469
PGS000181,mscv,Mean sphered corpuscular volume,761,761,86,0,1,72,689,9.4612,8.5305,124,637,16.2943,13.9864,90,671,11.8265,11.0281,92,669,12.0894,14.4636
PGS000182,neut,Neutrophil count,492,492,64,0,0,51,441,10.3659,10.0674,87,405,17.6829,17.0516,56,436,11.3821,12.9539,60,432,12.1951,14.7204
PGS000183,neut_p,Neutrophil percentage of white cells,437,437,60,0,0,43,394,9.8398,9.6833,66,371,15.103,16.7001,48,389,10.984,12.5248,44,393,10.0686,12.3268
PGS000184,pct,Platelet crit,700,700,82,0,0,81,619,11.5714,12.3402,126,574,18,18.9864,87,613,12.4286,14.1133,77,623,11,14.6386
PGS000185,pdw,Platelet distribution width,555,555,80,0,0,66,489,11.8919,9.8204,102,453,18.3784,15.6632,75,480,13.5135,12.7799,59,496,10.6306,16.2071
PGS000186,plt,Platelet count,739,739,89,0,0,72,667,9.7429,10.536,129,610,17.456,17.3039,85,654,11.502,13.2291,81,658,10.9608,15.5315
PGS000187,rbc,Red blood cell count,678,678,81,0,0,71,607,10.472,10.757,122,556,17.9941,17.7666,86,592,12.6844,14.0318,76,602,11.2094,15.2658
PGS000188,rdw,Red cell distribution width,546,546,88,0,0,59,487,10.8059,13.4471,94,452,17.2161,18.7655,68,478,12.4542,15.9963,55,491,10.0733,13.7119
PGS000189,ret,Reticulocyte count,555,555,66,0,0,59,496,10.6306,10.3241,97,458,17.4775,15.426,65,490,11.7117,12.0974,68,487,12.2523,15.7691
PGS000190,ret_p,Reticulocyte fraction of red cells,537,537,65,0,0,52,485,9.6834,9.8288,86,451,16.0149,14.9924,57,480,10.6145,11.7057,62,475,11.5456,15.3425
PGS000191,wbc,White blood cell count,636,636,83,0,0,75,561,11.7925,11.7674,127,509,19.9686,20.3239,83,553,13.0503,15.2829,75,561,11.7925,15.44
PGS000192,GS9,Cholesterol,9,9,2,0,0,7,2,77.7778,77.7778,7,2,77.7778,77.7778,7,2,77.7778,77.7778,9,0,100,100
PGS000194,G-PROB_Rapos,Rheumatoid arthritis (CCP-negative),114,114,10,21,0,20,94,17.5439,14.7965,35,79,30.7018,24.3953,34,80,29.8246,24.2825,67,47,58.7719,39.708
PGS000195,G-PROB_Raneg,Rheumatoid arthritis (CCP-negative),96,96,10,3,0,20,76,20.8333,25.4079,35,61,36.4583,41.8906,34,62,35.4167,41.697,67,29,69.7917,68.1849
PGS000196,G-PROB_SLE,Systemic lupus erythematosus,55,55,0,5,0,28,27,50.9091,47.6085,43,12,78.1818,71.1456,32,23,58.1818,56.2233,30,25,54.5455,54.6042
PGS000197,G-PROB_SpA,Spondyloarthroparthy,31,31,0,2,0,15,16,48.3871,22.6669,16,15,51.6129,23.4137,14,17,45.1613,21.6651,24,7,77.4194,31.1748
PGS000198,G-PROB_PsA,Psoriatic arthritis,31,31,4,13,0,6,25,19.3548,16.5685,11,20,35.4839,38.3635,9,22,29.0323,33.7065,8,23,25.8065,32.062
PGS000199,G-PROB_Gout,Gout,29,29,1,0,0,9,20,31.0345,41.5683,17,12,58.6207,64.9812,8,21,27.5862,38.8768,23,6,79.3103,83.3804
PGS000200,GRS28,Coronary heart disease,28,28,0,0,0,15,13,53.5714,61.9034,22,6,78.5714,84.6767,21,7,75,82.0101,27,1,96.4286,97.6186
PGS000207,TC10_Ohio,Thyroid cancer,10,10,4,0,0,1,9,10,6.2496,1,9,10,6.2496,1,9,10,6.2496,2,8,20,26.0386
PGS000208,TC10_Iceland,Thyroid cancer,10,10,4,0,0,1,9,10,5.1282,1,9,10,5.1282,1,9,10,5.1282,2,8,20,25.8093
PGS000209,TC10_UKB,Thyroid cancer,10,10,4,0,0,1,9,10,6.1321,1,9,10,6.1321,1,9,10,6.1321,2,8,20,26.0696
PGS000210,LF279,Lung function (FEV1/FVC),279,279,45,0,0,48,231,17.2043,19.6488,76,203,27.2401,29.5808,48,231,17.2043,18.1621,42,237,15.0538,20.0366
PGS000211,PD19,Parkinson's disease,19,19,0,0,0,7,12,36.8421,31.6514,9,10,47.3684,49.9784,9,10,47.3684,40.0707,11,8,57.8947,59.9065
PGS000212,PRS330_LumA,Breast cancer intrinsic-like subtype (luminal A-like),330,330,34,0,0,30,300,9.0909,9.9867,56,274,16.9697,16.3338,39,291,11.8182,12.9605,74,256,22.4242,29.028
PGS000213,PRS330_LumBHER2neg,Breast cancer intrinsic-like subtype (luminal B/HER2-negative-like),330,330,34,0,0,30,300,9.0909,8.4123,56,274,16.9697,16.8396,39,291,11.8182,12.734,74,256,22.4242,26.4824
PGS000214,PRS330_LumB,Breast cancer intrinsic-like subtype (luminal B-like),330,330,34,0,0,30,300,9.0909,11.1643,56,274,16.9697,19.4432,39,291,11.8182,16.4131,74,256,22.4242,28.8558
PGS000215,PRS330_HER2,Breast cancer intrinsic-like subtype (HER2-enriched-like),330,330,34,0,0,30,300,9.0909,8.8536,56,274,16.9697,17.4874,39,291,11.8182,14.2191,74,256,22.4242,26.6868
PGS000216,PRS330_TN,Breast cancer intrinsic-like subtype (triple negative),330,330,34,0,0,30,300,9.0909,10.5775,56,274,16.9697,20.377,39,291,11.8182,19.1614,74,256,22.4242,30.8754
PGS000298,GRS941_BMI,Body mass index (BMI),941,941,139,0,0,287,654,30.4995,31.1019,425,516,45.1647,47.0582,283,658,30.0744,31.1236,168,773,17.8533,23.3658
PGS000299,GRS462_WHRadjBMI,Waist-to-hip ratio (body mass index adjusted),462,462,77,0,0,114,348,24.6753,19.5502,165,297,35.7143,27.96,108,354,23.3766,21.2872,81,381,17.5325,22.9227
PGS000300,GRS80_HR,Heart rate,80,80,13,0,0,12,68,15,10.8941,16,64,20,15.2218,13,67,16.25,13.639,13,67,16.25,16.2197
PGS000301,GRS970_SBP,Systolic blood pressure,970,970,150,0,0,136,834,14.0206,14.3718,241,729,24.8454,25.7393,156,814,16.0825,17.5937,150,820,15.4639,20.0706
PGS000302,GRS962_DBP,Diastolic blood pressure,962,962,154,0,0,136,826,14.1372,14.4581,234,728,24.3243,24.6052,157,805,16.3202,18.2062,147,815,15.2807,20.1689
PGS000303,GRS253_eGFR,Estimated glomerular filtration rate,253,253,41,0,0,36,217,14.2292,11.5226,55,198,21.7391,18.417,36,217,14.2292,12.9216,34,219,13.4387,15.011
PGS000304,GRS43_HbA1c,HbA1c,43,43,3,0,0,16,27,37.2093,35.8442,27,16,62.7907,56.43,24,19,55.814,50.0754,25,18,58.1395,57.5062
PGS000305,GRS31_FG,Fasting glucose,31,31,4,0,0,10,21,32.2581,38.9227,25,6,80.6452,82.2657,19,12,61.2903,70.1429,22,9,70.9677,82.5834
PGS000306,GRS19_FGadjBMI,Fasting glucose (body mass index adjusted),19,19,0,0,0,9,10,47.3684,43.385,15,4,78.9474,69.7972,10,9,52.6316,47.8262,12,7,63.1579,72.0482
PGS000307,GRS12_FI,Fasting insulin,12,12,0,0,0,5,7,41.6667,47.6416,7,5,58.3333,62.307,5,7,41.6667,47.6416,9,3,75,77.7196
PGS000308,GRS12_FIadjBMI,Fasting insulin (body mass index adjusted),12,12,0,0,0,6,6,50,53.3104,9,3,75,79.0882,6,6,50,53.3104,7,5,58.3333,63.1297
PGS000309,GRS247_HDL,HDL cholesterol,247,247,16,0,0,104,143,42.1053,28.4469,156,91,63.1579,46.2824,135,112,54.6559,53.1531,165,82,66.8016,48.2972
PGS000310,GRS194_LDL,LDL cholesterol,194,194,17,0,0,90,104,46.3918,43.3826,135,59,69.5876,67.4144,124,70,63.9175,70.2839,132,62,68.0412,46.0636
PGS000311,GRS234_TC,Total cholesterol,234,234,18,0,0,118,116,50.4274,43.678,171,63,73.0769,68.1764,149,85,63.6752,70.3134,166,68,70.9402,49.6023
PGS000312,GRS190_TG,Triglycerides,190,190,12,0,0,90,100,47.3684,35.9507,135,55,71.0526,59.0155,111,79,58.4211,62.2075,135,55,71.0526,54.2636
PGS000313,GRS49_Lp(a),Lipoprotein A,49,49,5,0,0,3,46,6.1224,3.5238,7,42,14.2857,8.2381,4,45,8.1633,6.0952,5,44,10.2041,14.7143
PGS000314,GRS77_CRP,C-reactive protein,77,77,7,0,0,20,57,25.974,30.7061,29,48,37.6623,40.2476,19,58,24.6753,28.8814,21,56,27.2727,28.0799
PGS000315,GRS7_lgE,Immunoglobulin E (IgE),7,7,0,0,0,6,1,85.7143,87.6,6,1,85.7143,87.6,6,1,85.7143,87.6,5,2,71.4286,77.8
PGS000316,GRS42_Coeliac,Coeliac disease,53,53,0,15,0,12,41,22.6415,4.9839,20,33,37.7358,8.0021,15,38,28.3019,6.9542,14,39,26.4151,7.1003
PGS000317,PRS180,Breast cancer,180,180,15,2,0,46,134,25.5556,21.2219,67,113,37.2222,33.355,49,131,27.2222,24.9945,131,49,72.7778,72.5653
PGS000324,GRS-JIA-ERA-20,Enthesitis-related Juvenile Idiophatic Arthritis,138,138,0,0,0,2,136,1.4493,0.361,5,133,3.6232,4.5994,4,134,2.8986,4.7369,19,119,13.7681,40.2043
PGS000325,GRS-JIA-Oli-20,Oligoarthritis Juvenile Idiophatic Arthritis,21,21,0,0,0,1,20,4.7619,1.565,2,19,9.5238,6.5856,1,20,4.7619,1.565,4,17,19.0476,10.4206
PGS000326,GRS-JIA-RFN-20,Rheumatoid-factor-negative Polyarthritis (Juvenile Idiophatic Arthritis),12,12,0,0,0,2,10,16.6667,2.7883,2,10,16.6667,2.7883,1,11,8.3333,1.3234,3,9,25,3.8436
PGS000328,GRS_SLE,Systemic lupus erythematosus,57,57,0,0,0,31,26,54.386,52.0874,44,13,77.193,74.3521,32,25,56.1404,58.2343,29,28,50.8772,53.2038
PGS000334,GRSfull_22,Late-onset Alzheimer’s disease,22,22,0,0,0,11,11,50,38.5246,17,5,77.2727,85.7923,13,9,59.0909,75.9563,12,10,54.5455,74.0437
PGS000336,GRS313_Chron,Chronotype,313,313,0,0,0,46,267,14.6965,14.4592,68,245,21.7252,20.9713,43,270,13.738,13.5762,27,286,8.6262,9.6026
PGS000338,GRS97_AF,Atrial fibrillation,97,97,0,0,0,16,81,16.4948,13.5674,24,73,24.7423,20.4839,16,81,16.4948,13.9357,14,83,14.433,12.2555
PGS000339,PRS22_CM,Cutaneous melanoma,22,22,0,0,0,22,0,100,100,22,0,100,100,21,1,95.4545,96.9516,13,9,59.0909,68.3802
PGS000340,LDL-Cpsp,LDL cholesterol,28,28,3,0,0,14,14,50,52.3651,18,10,64.2857,70.7846,16,12,57.1429,61.6583,24,4,85.7143,89.3712
PGS000341,GRS33_SSc,Systemic sclerosis,33,33,0,0,0,14,19,42.4242,45.8856,17,16,51.5152,54.5463,13,20,39.3939,42.4663,9,24,27.2727,29.4358
PGS000342,wGRS_PsA,Psoriatic arthritis,11,11,0,5,0,2,9,18.1818,11.0343,2,9,18.1818,11.0343,1,10,9.0909,5.6244,0,11,0,0
PGS000343,wGRS_PsA_HLA,Psoriatic arthritis,5,5,0,5,0,0,5,0,0,0,5,0,0,0,5,0,0,0,5,0,0
PGS000344,PRS287_BC,Breast cancer,287,287,28,0,0,28,259,9.7561,10.4088,51,236,17.77,18.4472,35,252,12.1951,13.8194,72,215,25.0871,30.0045
PGS000345,PRS229_BC,Breast cancer,229,229,23,0,0,23,206,10.0437,10.6837,42,187,18.3406,19.9251,28,201,12.2271,14.5893,69,160,30.131,35.7711
PGS000346,PRS287_ERneg,Estrogen receptor negative breast cancer,287,287,28,0,0,28,259,9.7561,9.5097,51,236,17.77,20.4133,35,252,12.1951,15.6355,72,215,25.0871,29.7548
PGS000347,PRS287_ERpos,Estrogen receptor positive breast cancer,287,287,28,0,0,28,259,9.7561,11.0146,51,236,17.77,18.4377,35,252,12.1951,13.9674,72,215,25.0871,30.155
PGS000348,PRS_PrCa,Prostate cancer,72,72,1,0,0,44,28,61.1111,68.6363,55,17,76.3889,82.4784,43,29,59.7222,69.5082,61,11,84.7222,84.1895
PGS000349,PRS70_CAD,Coronary artery disease,70,70,9,0,0,33,37,47.1429,35.63,48,22,68.5714,57.0836,43,27,61.4286,49.3811,47,23,67.1429,56.2839
PGS000350,GRS12_POAG,Primary open-angle glaucoma,12,12,0,0,0,7,5,58.3333,58.3333,7,5,58.3333,58.3333,7,5,58.3333,58.3333,8,4,66.6667,66.6667
PGS000351,PRS_EOC,Invasive epithelial ovarian cancer,30,30,4,0,0,3,27,10,6.8547,5,25,16.6667,9.6302,3,27,10,6.8547,11,19,36.6667,23.2353
PGS000352,PRS_HGS,High grade serous ovarian cancer,22,22,3,0,0,2,20,9.0909,5.6529,4,18,18.1818,10.3927,2,20,9.0909,5.6529,10,12,45.4545,26.8311
PGS000353,PRSWEB_PHECODE10001_UKBB-SAIGE-HRC-X10001_P_5e-08_MGI_20200608,Any cancer,14,14,0,0,0,2,12,14.2857,13.2435,2,12,14.2857,13.2435,3,11,21.4286,42.0228,6,8,42.8571,56.133
PGS000355,PRSWEB_PHECODE10001_UKBB-SAIGE-HRC-X10001_PT_MGI_20200608,Any cancer,15,15,0,0,0,2,13,13.3333,11.7957,2,13,13.3333,11.7957,3,12,20,37.4287,6,9,40,49.9963
PGS000356,PRSWEB_PHECODE10001_UKBB-SAIGE-HRC-X10001_LASSOSUM_MGI_20200608,Any cancer,179,179,33,0,0,16,163,8.9385,19.4514,30,149,16.7598,23.7791,19,160,10.6145,27.6619,30,149,16.7598,37.2866
PGS000357,PRSWEB_PHECODE145_C3-LIP-ORAL-PHARYNX_PT_MGI_20200608,Cancer of mouth,45,45,7,0,0,3,42,6.6667,2.8643,5,40,11.1111,6.4532,4,41,8.8889,4.7613,7,38,15.5556,14.8237
PGS000362,PRSWEB_PHECODE149.4_UKBB-SAIGE-HRC-X149.4_PT_MGI_20200608,Cancer of larynx,53,53,8,0,0,2,51,3.7736,1.5095,5,48,9.434,6.886,2,51,3.7736,3.4377,3,50,5.6604,5.7238
PGS000367,PRSWEB_PHECODE153_CRC-Huyghe_P_5e-08_MGI_20200608,Colorectal cancer,74,74,6,0,0,8,66,10.8108,13.0251,16,58,21.6216,22.9111,9,65,12.1622,14.4521,17,57,22.973,25.9453
PGS000368,PRSWEB_PHECODE153_CRC-Huyghe_P_5e-08_UKB_20200608,Colorectal cancer,74,74,6,0,0,8,66,10.8108,13.0251,16,58,21.6216,22.9111,9,65,12.1622,14.4521,17,57,22.973,25.9453
PGS000369,PRSWEB_PHECODE153_CRC-Huyghe_PT_MGI_20200608,Colorectal cancer,81,81,6,0,0,9,72,11.1111,13.0894,17,64,20.9877,22.4209,10,71,12.3457,14.4364,19,62,23.4568,26.12
PGS000370,PRSWEB_PHECODE153_CRC-Huyghe_PT_UKB_20200608,Colorectal cancer,87,87,6,0,0,9,78,10.3448,12.4985,17,70,19.5402,21.4087,10,77,11.4943,13.7847,20,67,22.9885,25.6261
PGS000371,PRSWEB_PHECODE153_GWAS-Catalog-r2019-05-03-X153_P_5e-08_UKB_20200608,Colorectal cancer,18,18,4,0,0,7,11,38.8889,30.3499,7,11,38.8889,30.3499,6,12,33.3333,27.3516,15,3,83.3333,88.3781
PGS000372,PRSWEB_PHECODE153_GWAS-Catalog-r2019-05-03-X153_PT_UKB_20200608,Colorectal cancer,27,27,5,0,0,11,16,40.7407,33.2091,14,13,51.8519,41.1723,10,17,37.037,30.8774,21,6,77.7778,83.6005
PGS000374,PRSWEB_PHECODE153_UKBB-SAIGE-HRC-X153_PT_MGI_20200608,Colorectal cancer,41,41,8,0,0,3,38,7.3171,5.0954,6,35,14.6341,10.1235,3,38,7.3171,5.2969,5,36,12.1951,8.6901
PGS000375,PRSWEB_PHECODE153_UKBB-SAIGE-HRC-X153_LASSOSUM_MGI_20200608,Colorectal cancer,370,370,58,0,0,25,345,6.7568,10.9846,36,334,9.7297,16.1016,22,348,5.9459,9.8893,37,333,10,16.4345
PGS000381,PRSWEB_PHECODE153.2_UKBB-SAIGE-HRC-X153.2_PT_MGI_20200608,Colon cancer,12,12,0,0,0,1,11,8.3333,3.7602,2,10,16.6667,10.1498,1,11,8.3333,15.0127,2,10,16.6667,10.1498
PGS000382,PRSWEB_PHECODE153.2_UKBB-SAIGE-HRC-X153.2_LASSOSUM_MGI_20200608,Colon cancer,150,150,26,0,0,14,136,9.3333,14.7497,18,132,12,19.9805,13,137,8.6667,14.0879,13,137,8.6667,18.8956
PGS000385,PRSWEB_PHECODE157_GWAS-Catalog-r2019-05-03-X157_P_5e-08_UKB_20200608,Pancreatic cancer,17,17,2,0,0,4,13,23.5294,19.2224,12,5,70.5882,69.9169,5,12,29.4118,33.0033,10,7,58.8235,53.7376
PGS000386,PRSWEB_PHECODE157_GWAS-Catalog-r2019-05-03-X157_PT_UKB_20200608,Pancreatic cancer,10,10,2,0,0,1,9,10,6.6156,7,3,70,76.2577,2,8,20,29.1541,5,5,50,49.7966
PGS000389,PRSWEB_PHECODE165.1_GWAS-Catalog-r2019-05-03-X165.1_P_5e-08_MGI_20200608,Lung and bronchus cancer,21,21,5,0,0,2,19,9.5238,7.8407,8,13,38.0952,41.6499,3,18,14.2857,20.3618,8,13,38.0952,42.384
PGS000390,PRSWEB_PHECODE165.1_GWAS-Catalog-r2019-05-03-X165.1_P_5e-08_UKB_20200608,Lung and bronchus cancer,21,21,5,0,0,2,19,9.5238,7.8407,8,13,38.0952,41.6499,3,18,14.2857,20.3618,8,13,38.0952,42.384
PGS000391,PRSWEB_PHECODE165.1_GWAS-Catalog-r2019-05-03-X165.1_PT_MGI_20200608,Lung and bronchus cancer,14,14,4,0,0,0,14,0,0,5,9,35.7143,48.39,1,13,7.1429,19.4817,6,8,42.8571,55.3553
PGS000392,PRSWEB_PHECODE165.1_GWAS-Catalog-r2019-05-03-X165.1_PT_UKB_20200608,Lung and bronchus cancer,19,19,4,0,0,2,17,10.5263,9.5919,8,11,42.1053,50.9521,3,16,15.7895,24.9095,8,11,42.1053,51.8502
PGS000396,PRSWEB_PHECODE165.1_UKBB-SAIGE-HRC-X165.1_PT_MGI_20200608,Lung and bronchus cancer,75,75,12,0,0,5,70,6.6667,3.9313,6,69,8,4.5813,6,69,8,5.0844,9,66,12,15.0441
PGS000399,PRSWEB_PHECODE172_20001-1003_PT_MGI_20200608,Skin cancer,6,6,1,0,0,0,6,0,0,0,6,0,0,0,6,0,0,2,4,33.3333,35.2371
PGS000400,PRSWEB_PHECODE172_C3-SKIN_P_5e-08_MGI_20200608,Skin cancer,95,95,13,0,0,17,78,17.8947,20.652,29,66,30.5263,32.0644,25,70,26.3158,31.4395,16,79,16.8421,24.733
PGS000402,PRSWEB_PHECODE172_C3-SKIN_PT_MGI_20200608,Skin cancer,389,389,64,0,0,55,334,14.1388,12.4603,82,307,21.0797,18.1845,66,323,16.9666,17.0154,50,339,12.8535,15.3054
PGS000404,PRSWEB_PHECODE172_UKBB-SAIGE-HRC-X172_P_5e-08_MGI_20200608,Skin cancer,80,80,10,0,0,8,72,10,15.0182,19,61,23.75,25.4737,15,65,18.75,26.9634,12,68,15,26.8929
PGS000406,PRSWEB_PHECODE172_UKBB-SAIGE-HRC-X172_PT_MGI_20200608,Skin cancer,292,292,39,0,0,33,259,11.3014,10.7947,62,230,21.2329,19.1241,46,246,15.7534,16.865,30,262,10.274,16.0679
PGS000408,PRSWEB_PHECODE172.1_20001-1059_P_5e-08_MGI_20200608,Melanomas of skin (diagnosis or history),10,10,3,0,0,0,10,0,0,2,8,20,16.4333,2,8,20,15.1021,3,7,30,36.0404
PGS000410,PRSWEB_PHECODE172.1_20001-1059_PT_MGI_20200608,Melanomas of skin (diagnosis or history),7,7,3,0,0,0,7,0,0,1,6,14.2857,10.3324,2,5,28.5714,19.093,3,4,42.8571,45.5645
PGS000411,PRSWEB_PHECODE172.1_20001-1059_LASSOSUM_MGI_20200608,Melanomas of skin (diagnosis or history),185,185,27,0,0,10,175,5.4054,3.2458,24,161,12.973,10.5995,13,172,7.027,7.8103,12,173,6.4865,9.6208
PGS000412,PRSWEB_PHECODE172.1_C3-MELANOMA-SKIN_P_5e-08_MGI_20200608,Melanomas of skin (diagnosis or history),16,16,2,0,0,3,13,18.75,22.9494,6,10,37.5,35.0064,4,12,25,27.5035,5,11,31.25,36.9571
PGS000414,PRSWEB_PHECODE172.1_C3-MELANOMA-SKIN_PT_MGI_20200608,Melanomas of skin (diagnosis or history),21,21,4,0,0,4,17,19.0476,26.0711,8,13,38.0952,38.3974,6,15,28.5714,32.188,7,14,33.3333,40.0118
PGS000415,PRSWEB_PHECODE172.1_C3-MELANOMA-SKIN_LASSOSUM_MGI_20200608,Melanomas of skin (diagnosis or history),505,505,62,0,0,35,470,6.9307,8.2569,52,453,10.297,12.6067,44,461,8.7129,11.5074,59,446,11.6832,15.57
PGS000416,PRSWEB_PHECODE172.1_C43_P_5e-08_MGI_20200608,Melanomas of skin (diagnosis or history),9,9,2,0,0,2,7,22.2222,39.9021,5,4,55.5556,62.0332,3,6,33.3333,48.0045,4,5,44.4444,58.5842
PGS000418,PRSWEB_PHECODE172.1_C43_PT_MGI_20200608,Melanomas of skin (diagnosis or history),9,9,2,0,0,2,7,22.2222,39.9021,5,4,55.5556,62.0332,3,6,33.3333,48.0045,4,5,44.4444,58.5842
PGS000419,PRSWEB_PHECODE172.1_C43_LASSOSUM_MGI_20200608,Melanomas of skin (diagnosis or history),436,436,52,0,0,27,409,6.1927,9.0896,44,392,10.0917,14.0985,33,403,7.5688,11.0894,40,396,9.1743,14.0656
PGS000420,PRSWEB_PHECODE172.1_D03_PT_MGI_20200608,Melanomas of skin (diagnosis or history),147,147,24,0,0,10,137,6.8027,4.4514,18,129,12.2449,8.9845,16,131,10.8844,10.0841,15,132,10.2041,10.876
PGS000421,PRSWEB_PHECODE172.1_GWAS-Catalog-r2019-05-03-X172.1_P_5e-08_MGI_20200608,Melanomas of skin (diagnosis or history),18,18,0,0,0,8,10,44.4444,35.6413,10,8,55.5556,56.0177,7,11,38.8889,32.2072,14,4,77.7778,72.0611
PGS000422,PRSWEB_PHECODE172.1_GWAS-Catalog-r2019-05-03-X172.1_P_5e-08_UKB_20200608,Melanomas of skin (diagnosis or history),18,18,0,0,0,8,10,44.4444,35.6413,10,8,55.5556,56.0177,7,11,38.8889,32.2072,14,4,77.7778,72.0611
PGS000423,PRSWEB_PHECODE172.1_GWAS-Catalog-r2019-05-03-X172.1_PT_MGI_20200608,Melanomas of skin (diagnosis or history),29,29,2,0,0,11,18,37.931,33.6064,13,16,44.8276,48.7955,10,19,34.4828,31.0465,17,12,58.6207,60.9928
PGS000424,PRSWEB_PHECODE172.1_GWAS-Catalog-r2019-05-03-X172.1_PT_UKB_20200608,Melanomas of skin (diagnosis or history),27,27,2,0,0,11,16,40.7407,35.1583,13,14,48.1481,51.0488,10,17,37.037,32.4802,17,10,62.963,63.8094
PGS000425,PRSWEB_PHECODE172.1_Melanoma-Ransohoff_P_5e-08_MGI_20200608,Melanomas of skin (diagnosis or history),20,20,1,0,0,11,9,55,58.9663,11,9,55,56.9888,10,10,50,55.9298,16,4,80,75.2234
PGS000426,PRSWEB_PHECODE172.1_Melanoma-Ransohoff_P_5e-08_UKB_20200608,Melanomas of skin (diagnosis or history),20,20,1,0,0,11,9,55,58.9663,11,9,55,56.9888,10,10,50,55.9298,16,4,80,75.2234
PGS000427,PRSWEB_PHECODE172.1_Melanoma-Ransohoff_PT_MGI_20200608,Melanomas of skin (diagnosis or history),20,20,1,0,0,11,9,55,58.9663,11,9,55,56.9888,10,10,50,55.9298,16,4,80,75.2234
PGS000428,PRSWEB_PHECODE172.1_Melanoma-Ransohoff_PT_UKB_20200608,Melanomas of skin (diagnosis or history),20,20,1,0,0,11,9,55,58.9663,11,9,55,56.9888,10,10,50,55.9298,16,4,80,75.2234
PGS000429,PRSWEB_PHECODE172.1_UKBB-SAIGE-HRC-X172.1_P_5e-08_MGI_20200608,Melanomas of skin (diagnosis or history),12,12,2,0,0,2,10,16.6667,26.0605,5,7,41.6667,39.7367,4,8,33.3333,35.373,6,6,50,50.5851
PGS000431,PRSWEB_PHECODE172.1_UKBB-SAIGE-HRC-X172.1_PT_MGI_20200608,Melanomas of skin (diagnosis or history),15,15,2,0,0,2,13,13.3333,23.4842,5,10,33.3333,35.8084,4,11,26.6667,31.8761,6,9,40,45.5844
PGS000432,PRSWEB_PHECODE172.1_UKBB-SAIGE-HRC-X172.1_LASSOSUM_MGI_20200608,Melanomas of skin (diagnosis or history),296,296,46,0,0,25,271,8.4459,11.7122,39,257,13.1757,18.5318,35,261,11.8243,17.64,40,256,13.5135,16.927
PGS000433,PRSWEB_PHECODE172.2_C3-OTHER-SKIN_P_5e-08_MGI_20200608,Other non-epithelial skin cancer,108,108,13,0,0,19,89,17.5926,18.0567,30,78,27.7778,26.8947,26,82,24.0741,26.5445,19,89,17.5926,22.9903
PGS000435,PRSWEB_PHECODE172.2_C3-OTHER-SKIN_PT_MGI_20200608,Other non-epithelial skin cancer,446,446,64,0,1,49,397,10.9865,9.0236,82,364,18.3857,14.2784,61,385,13.6771,12.293,50,396,11.2108,13.1182
PGS000437,PRSWEB_PHECODE172.2_C44_P_5e-08_MGI_20200608,Other non-epithelial skin cancer,63,63,13,0,0,4,59,6.3492,9.1935,8,55,12.6984,14.2503,8,55,12.6984,20.3993,10,53,15.873,24.822
PGS000439,PRSWEB_PHECODE172.2_C44_PT_MGI_20200608,Other non-epithelial skin cancer,467,467,91,0,0,49,418,10.4925,7.862,77,390,16.4882,12.3795,55,412,11.7773,10.9603,49,418,10.4925,12.3161
PGS000441,PRSWEB_PHECODE172.2_UKBB-SAIGE-HRC-X172.2_P_5e-08_MGI_20200608,Other non-epithelial skin cancer,77,77,12,0,0,10,67,12.987,17.0366,20,57,25.974,27.1822,17,60,22.0779,29.7868,14,63,18.1818,27.3074
PGS000443,PRSWEB_PHECODE172.2_UKBB-SAIGE-HRC-X172.2_PT_MGI_20200608,Other non-epithelial skin cancer,177,177,24,0,0,28,149,15.8192,15.8683,47,130,26.5537,24.8702,38,139,21.4689,23.5656,23,154,12.9944,18.9282
PGS000445,PRSWEB_PHECODE172.21_20001-1061_P_5e-08_MGI_20200608,Basal cell carcinoma,19,19,2,0,0,3,16,15.7895,20.5496,6,13,31.5789,32.9991,5,14,26.3158,28.5016,4,15,21.0526,27.2253
PGS000447,PRSWEB_PHECODE172.21_20001-1061_PT_MGI_20200608,Basal cell carcinoma,72,72,9,0,0,11,61,15.2778,12.6899,17,55,23.6111,18.0967,15,57,20.8333,18.7493,11,61,15.2778,17.1125
PGS000448,PRSWEB_PHECODE172.21_20001-1061_LASSOSUM_MGI_20200608,Basal cell carcinoma,183,183,22,0,0,11,172,6.0109,8.6594,19,164,10.3825,16.0847,13,170,7.1038,13.3281,19,164,10.3825,18.5417
PGS000450,PRSWEB_PHECODE172.21_20001-1073_PT_MGI_20200608,Basal cell carcinoma,8,8,1,0,0,1,7,12.5,10.9137,2,6,25,18.1506,1,7,12.5,10.9137,2,6,25,26.1225
PGS000452,PRSWEB_PHECODE172.21_BCC-Chahal_P_5e-08_MGI_20200608,Basal cell carcinoma,28,28,5,0,0,3,25,10.7143,20.4774,6,22,21.4286,35.4246,6,22,21.4286,33.2357,9,19,32.1429,52.5566
PGS000453,PRSWEB_PHECODE172.21_BCC-Chahal_P_5e-08_UKB_20200608,Basal cell carcinoma,28,28,5,0,0,3,25,10.7143,20.4774,6,22,21.4286,35.4246,6,22,21.4286,33.2357,9,19,32.1429,52.5566
PGS000454,PRSWEB_PHECODE172.21_BCC-Chahal_PT_MGI_20200608,Basal cell carcinoma,27,27,5,0,0,3,24,11.1111,20.7689,6,21,22.2222,35.929,6,21,22.2222,33.709,9,18,33.3333,53.305
PGS000455,PRSWEB_PHECODE172.21_BCC-Chahal_PT_UKB_20200608,Basal cell carcinoma,28,28,5,0,0,3,25,10.7143,20.4774,6,22,21.4286,35.4246,6,22,21.4286,33.2357,9,19,32.1429,52.5566
PGS000456,PRSWEB_PHECODE172.21_GWAS-Catalog-r2019-05-03-X172.21_P_5e-08_MGI_20200608,Basal cell carcinoma,30,30,7,0,0,5,25,16.6667,23.8552,8,22,26.6667,36.6256,7,23,23.3333,32.653,13,17,43.3333,65.6023
PGS000457,PRSWEB_PHECODE172.21_GWAS-Catalog-r2019-05-03-X172.21_P_5e-08_UKB_20200608,Basal cell carcinoma,30,30,7,0,0,5,25,16.6667,23.8552,8,22,26.6667,36.6256,7,23,23.3333,32.653,13,17,43.3333,65.6023
PGS000458,PRSWEB_PHECODE172.21_GWAS-Catalog-r2019-05-03-X172.21_PT_MGI_20200608,Basal cell carcinoma,23,23,4,0,0,5,18,21.7391,27.9651,8,15,34.7826,42.9356,7,16,30.4348,38.2786,12,11,52.1739,71.6879
PGS000459,PRSWEB_PHECODE172.21_GWAS-Catalog-r2019-05-03-X172.21_PT_UKB_20200608,Basal cell carcinoma,24,24,4,0,0,5,19,20.8333,27.3762,8,16,33.3333,42.0314,7,17,29.1667,37.4724,12,12,50,70.1782
PGS000461,PRSWEB_PHECODE172.22_GWAS-Catalog-r2019-05-03-X172.22_P_5e-08_MGI_20200608,Squamous cell carcinoma,13,13,2,0,0,2,11,15.3846,18.3864,4,9,30.7692,37.0855,3,10,23.0769,22.4916,6,7,46.1538,51.5843
PGS000462,PRSWEB_PHECODE172.22_GWAS-Catalog-r2019-05-03-X172.22_P_5e-08_UKB_20200608,Squamous cell carcinoma,13,13,2,0,0,2,11,15.3846,18.3864,4,9,30.7692,37.0855,3,10,23.0769,22.4916,6,7,46.1538,51.5843
PGS000463,PRSWEB_PHECODE172.22_GWAS-Catalog-r2019-05-03-X172.22_PT_MGI_20200608,Squamous cell carcinoma,7,7,1,0,0,1,6,14.2857,24.5898,3,4,42.8571,59.0489,2,5,28.5714,32.1549,5,2,71.4286,85.7678
PGS000464,PRSWEB_PHECODE172.22_GWAS-Catalog-r2019-05-03-X172.22_PT_UKB_20200608,Squamous cell carcinoma,14,14,3,0,0,2,12,14.2857,17.9141,4,10,28.5714,36.133,3,11,21.4286,21.9139,6,8,42.8571,50.2594
PGS000465,PRSWEB_PHECODE172.22_cSCC-Chahal_P_5e-08_MGI_20200608,Squamous cell carcinoma,10,10,1,0,0,3,7,30,31.3729,5,5,50,51.7047,4,6,40,35.8366,6,4,60,58.893
PGS000466,PRSWEB_PHECODE172.22_cSCC-Chahal_P_5e-08_UKB_20200608,Squamous cell carcinoma,10,10,1,0,0,3,7,30,31.3729,5,5,50,51.7047,4,6,40,35.8366,6,4,60,58.893
PGS000467,PRSWEB_PHECODE172.22_cSCC-Chahal_PT_MGI_20200608,Squamous cell carcinoma,6,6,0,0,0,2,4,33.3333,45.5661,4,2,66.6667,81.3501,3,3,50,53.4221,5,1,83.3333,94.0014
PGS000468,PRSWEB_PHECODE172.22_cSCC-Chahal_PT_UKB_20200608,Squamous cell carcinoma,9,9,1,0,0,3,6,33.3333,35.5663,5,4,55.5556,58.6157,4,5,44.4444,40.6266,6,3,66.6667,66.7648
PGS000470,PRSWEB_PHECODE172.3_UKBB-SAIGE-HRC-X172.3_PT_MGI_20200608,Carcinoma in situ of skin,5,5,1,0,0,2,3,40,48.7596,3,2,60,61.6766,2,3,40,48.7596,3,2,60,61.6766
PGS000471,PRSWEB_PHECODE172.3_UKBB-SAIGE-HRC-X172.3_LASSOSUM_MGI_20200608,Carcinoma in situ of skin,7,7,0,0,0,2,5,28.5714,61.5266,2,5,28.5714,61.5266,2,5,28.5714,61.5266,2,5,28.5714,61.5266
PGS000472,PRSWEB_PHECODE174.1_20001-1002_P_5e-08_MGI_20200608,Breast cancer (female),22,22,4,0,0,5,17,22.7273,18.1422,6,16,27.2727,21.9702,6,16,27.2727,21.9702,7,15,31.8182,34.3526
PGS000474,PRSWEB_PHECODE174.1_20001-1002_PT_MGI_20200608,Breast cancer (female),68,68,13,0,0,8,60,11.7647,9.0865,14,54,20.5882,17.3005,11,57,16.1765,14.1305,12,56,17.6471,18.5647
PGS000476,PRSWEB_PHECODE174.1_C3-BREAST-3_P_5e-08_MGI_20200608,Breast cancer (female),32,32,1,0,0,2,30,6.25,3.8008,8,24,25,15.254,4,28,12.5,7.6174,10,22,31.25,28.1259
PGS000478,PRSWEB_PHECODE174.1_C3-BREAST-3_PT_MGI_20200608,Breast cancer (female),120,120,12,0,1,16,104,13.3333,8.2581,27,93,22.5,13.7496,17,103,14.1667,9.2306,25,95,20.8333,18.78
PGS000480,PRSWEB_PHECODE174.1_C50_P_5e-08_MGI_20200608,Breast cancer (female),20,20,3,0,0,0,20,0,0,2,18,10,5.8214,1,19,5,3.2443,7,13,35,36.1228
PGS000482,PRSWEB_PHECODE174.1_C50_PT_MGI_20200608,Breast cancer (female),42,42,5,0,0,3,39,7.1429,3.8274,8,34,19.0476,11.1191,5,37,11.9048,7.0068,14,28,33.3333,30.106
PGS000484,PRSWEB_PHECODE174.1_D05_PT_MGI_20200608,Breast cancer (female),25,25,5,0,0,1,24,4,1.6563,1,24,4,1.6563,2,23,8,4.2903,2,23,8,9.3644
PGS000485,PRSWEB_PHECODE174.1_GWAS-Catalog-r2019-05-03-X174.1_P_5e-08_MGI_20200608,Breast cancer (female),62,62,5,0,0,26,36,41.9355,34.8662,40,22,64.5161,62.6577,30,32,48.3871,49.0751,58,4,93.5484,95.5081
PGS000486,PRSWEB_PHECODE174.1_GWAS-Catalog-r2019-05-03-X174.1_P_5e-08_UKB_20200608,Breast cancer (female),86,86,7,0,0,36,50,41.8605,35.8478,52,34,60.4651,60.4502,41,45,47.6744,50.5501,81,5,94.186,95.7187
PGS000487,PRSWEB_PHECODE174.1_GWAS-Catalog-r2019-05-03-X174.1_PT_MGI_20200608,Breast cancer (female),62,62,5,0,0,26,36,41.9355,34.8662,40,22,64.5161,62.6577,30,32,48.3871,49.0751,58,4,93.5484,95.5081
PGS000488,PRSWEB_PHECODE174.1_GWAS-Catalog-r2019-05-03-X174.1_PT_UKB_20200608,Breast cancer (female),79,79,7,0,0,31,48,39.2405,34.1476,46,33,58.2278,57.1352,35,44,44.3038,46.1007,74,5,93.6709,95.2281
PGS000489,PRSWEB_PHECODE174.1_Onco-iCOGS-ER-negative-BRCA_P_5e-08_MGI_20200608,Breast cancer (female),49,49,8,0,0,4,45,8.1633,5.474,8,41,16.3265,14.101,6,43,12.2449,10.9096,12,37,24.4898,26.3402
PGS000490,PRSWEB_PHECODE174.1_Onco-iCOGS-ER-negative-BRCA_P_5e-08_UKB_20200608,Breast cancer (female),49,49,8,0,0,4,45,8.1633,5.474,8,41,16.3265,14.101,6,43,12.2449,10.9096,12,37,24.4898,26.3402
PGS000493,PRSWEB_PHECODE174.1_Onco-iCOGS-ER-negative-BRCA_PT_MGI_20200608,Breast cancer (female),217,217,30,0,0,21,196,9.6774,6.577,34,183,15.6682,11.3353,24,193,11.0599,9.0054,32,185,14.7465,15.8617
PGS000494,PRSWEB_PHECODE174.1_Onco-iCOGS-ER-negative-BRCA_PT_UKB_20200608,Breast cancer (female),49,49,8,0,0,4,45,8.1633,5.474,8,41,16.3265,14.101,6,43,12.2449,10.9096,12,37,24.4898,26.3402
PGS000497,PRSWEB_PHECODE174.1_Onco-iCOGS-ER-positive-BRCA_P_5e-08_MGI_20200608,Breast cancer (female),257,257,33,0,0,30,227,11.6732,8.9998,51,206,19.8444,15.4269,32,225,12.4514,9.8096,64,193,24.9027,26.158
PGS000498,PRSWEB_PHECODE174.1_Onco-iCOGS-ER-positive-BRCA_P_5e-08_UKB_20200608,Breast cancer (female),257,257,33,0,0,30,227,11.6732,8.9998,51,206,19.8444,15.4269,32,225,12.4514,9.8096,64,193,24.9027,26.158
PGS000502,PRSWEB_PHECODE174.1_Onco-iCOGS-ER-positive-BRCA_PT_UKB_20200608,Breast cancer (female),747,747,96,0,0,82,665,10.9772,7.3311,140,607,18.7416,12.676,89,658,11.9143,8.0268,131,616,17.5368,17.9396
PGS000505,PRSWEB_PHECODE174.1_Onco-iCOGS-Overall-BRCA_P_5e-08_MGI_20200608,Breast cancer (female),334,334,39,0,0,39,295,11.6766,9.0832,70,264,20.9581,15.9559,46,288,13.7725,11.4535,92,242,27.5449,27.073
PGS000506,PRSWEB_PHECODE174.1_Onco-iCOGS-Overall-BRCA_P_5e-08_UKB_20200608,Breast cancer (female),334,334,39,0,0,39,295,11.6766,9.0832,70,264,20.9581,15.9559,46,288,13.7725,11.4535,92,242,27.5449,27.073
PGS000513,PRSWEB_PHECODE174.1_UKBB-SAIGE-HRC-X174.1_P_5e-08_MGI_20200608,Breast cancer (female),41,41,3,0,0,1,40,2.439,1.3468,5,36,12.1951,8.5991,4,37,9.7561,7.4765,11,30,26.8293,29.8943
PGS000515,PRSWEB_PHECODE174.1_UKBB-SAIGE-HRC-X174.1_PT_MGI_20200608,Breast cancer (female),84,84,12,0,1,7,77,8.3333,5.3749,16,68,19.0476,13.099,11,73,13.0952,9.4633,16,68,19.0476,20.6297
PGS000517,PRSWEB_PHECODE174.1_iCOGS-ER-negative-BRCA_P_5e-08_MGI_20200608,Breast cancer (female),10,10,0,0,0,1,9,10,7.1757,4,6,40,34.3283,4,6,40,37.7401,5,5,50,50.6166
PGS000518,PRSWEB_PHECODE174.1_iCOGS-ER-negative-BRCA_P_5e-08_UKB_20200608,Breast cancer (female),10,10,0,0,0,1,9,10,7.1757,4,6,40,34.3283,4,6,40,37.7401,5,5,50,50.6166
PGS000521,PRSWEB_PHECODE174.1_iCOGS-ER-negative-BRCA_PT_MGI_20200608,Breast cancer (female),9,9,0,0,0,0,9,0,0,3,6,33.3333,29.2516,3,6,33.3333,32.9271,4,5,44.4444,46.7991
PGS000522,PRSWEB_PHECODE174.1_iCOGS-ER-negative-BRCA_PT_UKB_20200608,Breast cancer (female),14,14,2,0,0,1,13,7.1429,5.1724,5,9,35.7143,30.0423,4,10,28.5714,27.2039,6,8,42.8571,43.0837
PGS000523,PRSWEB_PHECODE174.1_iCOGS-ER-negative-BRCA_LASSOSUM_MGI_20200608,Breast cancer (female),270,270,41,0,0,21,249,7.7778,7.5459,53,217,19.6296,24.3404,30,240,11.1111,15.4488,34,236,12.5926,21.7349
PGS000525,PRSWEB_PHECODE174.1_iCOGS-ER-positive-BRCA_P_5e-08_MGI_20200608,Breast cancer (female),86,86,9,0,0,8,78,9.3023,7.4768,15,71,17.4419,12.5035,10,76,11.6279,9.3164,20,66,23.2558,24.2555
PGS000526,PRSWEB_PHECODE174.1_iCOGS-ER-positive-BRCA_P_5e-08_UKB_20200608,Breast cancer (female),86,86,9,0,0,8,78,9.3023,7.4768,15,71,17.4419,12.5035,10,76,11.6279,9.3164,20,66,23.2558,24.2555
PGS000529,PRSWEB_PHECODE174.1_iCOGS-ER-positive-BRCA_PT_MGI_20200608,Breast cancer (female),310,310,38,0,0,30,280,9.6774,6.1783,51,259,16.4516,10.4342,35,275,11.2903,7.5717,44,266,14.1935,15.3817
PGS000530,PRSWEB_PHECODE174.1_iCOGS-ER-positive-BRCA_PT_UKB_20200608,Breast cancer (female),174,174,16,0,0,17,157,9.7701,6.9501,30,144,17.2414,11.4883,20,154,11.4943,8.4353,33,141,18.9655,20.231
PGS000533,PRSWEB_PHECODE174.1_iCOGS-Overall-BRCA_P_5e-08_MGI_20200608,Breast cancer (female),110,110,9,0,0,16,94,14.5455,11.5733,25,85,22.7273,16.2913,19,91,17.2727,13.3043,34,76,30.9091,29.4307
PGS000534,PRSWEB_PHECODE174.1_iCOGS-Overall-BRCA_P_5e-08_UKB_20200608,Breast cancer (female),110,110,9,0,0,16,94,14.5455,11.5733,25,85,22.7273,16.2913,19,91,17.2727,13.3043,34,76,30.9091,29.4307
PGS000537,PRSWEB_PHECODE174.1_iCOGS-Overall-BRCA_PT_MGI_20200608,Breast cancer (female),363,363,44,0,0,43,320,11.8457,7.6957,58,305,15.978,10.2816,49,314,13.4986,9.3788,72,291,19.8347,18.8004
PGS000538,PRSWEB_PHECODE174.1_iCOGS-Overall-BRCA_PT_UKB_20200608,Breast cancer (female),85,85,5,0,0,14,71,16.4706,13.2277,21,64,24.7059,18.0238,16,69,18.8235,14.8308,28,57,32.9412,29.2045
PGS000541,PRSWEB_PHECODE182_GWAS-Catalog-r2019-05-03-X182_P_5e-08_UKB_20200608,Malignant neoplasm of uterus,18,18,1,0,0,3,15,16.6667,15.4938,6,12,33.3333,29.5335,3,15,16.6667,15.4938,2,16,11.1111,10.8008
PGS000542,PRSWEB_PHECODE182_GWAS-Catalog-r2019-05-03-X182_PT_UKB_20200608,Malignant neoplasm of uterus,20,20,1,0,0,3,17,15,14.2629,7,13,35,30.4725,3,17,15,14.2629,2,18,10,9.9428
PGS000543,PRSWEB_PHECODE184_C3-FEMALE-GENITAL_PT_MGI_20200608,Cancer of other female genital organs,8,8,0,0,0,0,8,0,0,0,8,0,0,0,8,0,0,0,8,0,0
PGS000544,PRSWEB_PHECODE184.11_GWAS-Catalog-r2019-05-03-X184.11_P_5e-08_UKB_20200608,Malignant neoplasm of ovary,21,21,2,0,0,6,15,28.5714,31.9238,8,13,38.0952,42.7372,6,15,28.5714,31.9238,15,6,71.4286,75.1683
PGS000545,PRSWEB_PHECODE184.11_GWAS-Catalog-r2019-05-03-X184.11_PT_UKB_20200608,Malignant neoplasm of ovary,21,21,2,0,0,6,15,28.5714,31.9238,8,13,38.0952,42.7372,6,15,28.5714,31.9238,15,6,71.4286,75.1683
PGS000547,PRSWEB_PHECODE184.11_Phelan-EPOC_P_5e-08_UKB_20200608,Malignant neoplasm of ovary,6,6,0,0,0,0,6,0,0,0,6,0,0,0,6,0,0,2,4,33.3333,15.4261
PGS000549,PRSWEB_PHECODE184.11_Phelan-IEOC_P_5e-08_UKB_20200608,Malignant neoplasm of ovary,16,16,1,0,0,1,15,6.25,5.1539,1,15,6.25,5.1539,1,15,6.25,5.1539,7,9,43.75,40.3228
PGS000551,PRSWEB_PHECODE184.11_Phelan-IEOC_PT_UKB_20200608,Malignant neoplasm of ovary,12,12,1,0,0,1,11,8.3333,5.9705,1,11,8.3333,5.9705,1,11,8.3333,5.9705,6,6,50,42.8398
PGS000553,PRSWEB_PHECODE184.11_Phelan-LSASBOC_P_5e-08_UKB_20200608,Malignant neoplasm of ovary,10,10,1,0,0,0,10,0,0,1,9,10,5.3427,0,10,0,0,4,6,40,26.8952
PGS000555,PRSWEB_PHECODE184.11_Phelan-LSASBOC_PT_UKB_20200608,Malignant neoplasm of ovary,15,15,2,0,0,1,14,6.6667,3.7061,2,13,13.3333,7.7096,1,14,6.6667,3.7061,6,9,40,27.0664
PGS000559,PRSWEB_PHECODE184.11_Phelan-SIOC_P_5e-08_MGI_20200608,Malignant neoplasm of ovary,21,21,2,0,0,2,19,9.5238,6.4564,3,18,14.2857,9.2174,2,19,9.5238,6.4564,8,13,38.0952,31.2768
PGS000560,PRSWEB_PHECODE184.11_Phelan-SIOC_P_5e-08_UKB_20200608,Malignant neoplasm of ovary,21,21,2,0,0,2,19,9.5238,6.4564,3,18,14.2857,9.2174,2,19,9.5238,6.4564,8,13,38.0952,31.2768
PGS000563,PRSWEB_PHECODE184.11_Phelan-SIOC_PT_UKB_20200608,Malignant neoplasm of ovary,12,12,1,0,0,1,11,8.3333,5.5241,1,11,8.3333,5.5241,1,11,8.3333,5.5241,6,6,50,34.919
PGS000565,PRSWEB_PHECODE185_20001-1044_P_5e-08_MGI_20200608,Cancer of prostate,21,21,4,0,0,5,16,23.8095,19.1691,9,12,42.8571,38.2875,6,15,28.5714,23.6214,5,16,23.8095,22.3883
PGS000567,PRSWEB_PHECODE185_20001-1044_PT_MGI_20200608,Cancer of prostate,78,78,10,0,0,8,70,10.2564,7.6023,12,66,15.3846,13.1962,9,69,11.5385,8.905,10,68,12.8205,15.9859
PGS000569,PRSWEB_PHECODE185_C3-PROSTATE_P_5e-08_MGI_20200608,Cancer of prostate,49,49,7,0,0,7,42,14.2857,13.2688,16,33,32.6531,30.6678,9,40,18.3673,16.8826,8,41,16.3265,16.2827
PGS000571,PRSWEB_PHECODE185_C3-PROSTATE_PT_MGI_20200608,Cancer of prostate,100,100,14,0,0,15,85,15,12.2515,27,73,27,23.8674,15,85,15,13.0851,10,90,10,10.2679
PGS000573,PRSWEB_PHECODE185_C61_P_5e-08_MGI_20200608,Cancer of prostate,31,31,3,0,0,6,25,19.3548,19.7704,10,21,32.2581,28.2271,8,23,25.8065,23.4275,8,23,25.8065,23.3641
PGS000575,PRSWEB_PHECODE185_C61_PT_MGI_20200608,Cancer of prostate,47,47,6,0,0,6,41,12.766,14.3688,11,36,23.4043,21.9139,8,39,17.0213,17.0268,9,38,19.1489,20.598
PGS000576,PRSWEB_PHECODE185_C61_LASSOSUM_MGI_20200608,Cancer of prostate,905,905,137,0,0,58,847,6.4088,9.4571,105,800,11.6022,16.0911,66,839,7.2928,11.5133,66,839,7.2928,14.5838
PGS000577,PRSWEB_PHECODE185_GWAS-Catalog-r2019-05-03-X185_P_5e-08_MGI_20200608,Cancer of prostate,117,117,9,0,0,49,68,41.8803,43.2173,65,52,55.5556,55.268,53,64,45.2991,48.3093,84,33,71.7949,70.1838
PGS000578,PRSWEB_PHECODE185_GWAS-Catalog-r2019-05-03-X185_P_5e-08_UKB_20200608,Cancer of prostate,117,117,9,0,0,49,68,41.8803,43.2173,65,52,55.5556,55.268,53,64,45.2991,48.3093,84,33,71.7949,70.1838
PGS000579,PRSWEB_PHECODE185_GWAS-Catalog-r2019-05-03-X185_PT_MGI_20200608,Cancer of prostate,122,122,9,0,0,52,70,42.623,44.2691,68,54,55.7377,55.7357,56,66,45.9016,49.1144,87,35,71.3115,69.9285
PGS000580,PRSWEB_PHECODE185_GWAS-Catalog-r2019-05-03-X185_PT_UKB_20200608,Cancer of prostate,118,118,9,0,0,50,68,42.3729,43.3995,66,52,55.9322,55.4115,54,64,45.7627,48.4752,85,33,72.0339,70.2794
PGS000581,PRSWEB_PHECODE185_Pca-PRACTICAL_P_5e-08_MGI_20200608,Cancer of prostate,377,377,47,0,0,36,341,9.5491,7.5035,68,309,18.0371,14.1268,44,333,11.6711,10.1499,76,301,20.1592,20.1946
PGS000582,PRSWEB_PHECODE185_Pca-PRACTICAL_P_5e-08_UKB_20200608,Cancer of prostate,377,377,47,0,0,36,341,9.5491,7.5035,68,309,18.0371,14.1268,44,333,11.6711,10.1499,76,301,20.1592,20.1946
PGS000589,PRSWEB_PHECODE185_UKBB-SAIGE-HRC-X185_P_5e-08_MGI_20200608,Cancer of prostate,42,42,5,0,0,5,37,11.9048,15.1349,10,32,23.8095,24.4752,5,37,11.9048,15.1349,6,36,14.2857,16.4294
PGS000591,PRSWEB_PHECODE185_UKBB-SAIGE-HRC-X185_PT_MGI_20200608,Cancer of prostate,80,80,11,0,0,9,71,11.25,11.2835,15,65,18.75,17.0358,7,73,8.75,9.6393,9,71,11.25,12.3017
PGS000593,PRSWEB_PHECODE187_C3-MALE-GENITAL_P_5e-08_MGI_20200608,Cancer of other male genital organs,45,45,5,0,0,9,36,20,18.6913,16,29,35.5556,33.152,9,36,20,18.6117,11,34,24.4444,24.4466
PGS000594,PRSWEB_PHECODE187_C3-MALE-GENITAL_PT_MGI_20200608,Cancer of other male genital organs,97,97,11,0,0,16,81,16.4948,13.9866,30,67,30.9278,26.1776,16,81,16.4948,14.1151,15,82,15.4639,15.8718
PGS000595,PRSWEB_PHECODE187.2_20001-1045_P_5e-08_MGI_20200608,Malignant neoplasm of testis,9,9,2,0,0,1,8,11.1111,10.3095,3,6,33.3333,35.6428,1,8,11.1111,10.3095,1,8,11.1111,8.6323
PGS000596,PRSWEB_PHECODE187.2_20001-1045_PT_MGI_20200608,Malignant neoplasm of testis,5,5,2,0,0,1,4,20,15.7107,2,3,40,41.1613,1,4,20,15.7107,0,5,0,0
PGS000597,PRSWEB_PHECODE187.2_20001-1045_LASSOSUM_MGI_20200608,Malignant neoplasm of testis,771,771,129,0,0,56,715,7.2633,7.7092,86,685,11.1543,10.7837,51,720,6.6148,7.8279,42,729,5.4475,6.8072
PGS000598,PRSWEB_PHECODE187.2_C3-TESTIS_P_5e-08_MGI_20200608,Malignant neoplasm of testis,6,6,1,0,0,1,5,16.6667,13.1318,2,4,33.3333,27.9247,2,4,33.3333,27.9247,0,6,0,0
PGS000599,PRSWEB_PHECODE187.2_C3-TESTIS_PT_MGI_20200608,Malignant neoplasm of testis,31,31,4,0,0,3,28,9.6774,6.3469,4,27,12.9032,8.9541,4,27,12.9032,8.9541,1,30,3.2258,3.4561
PGS000600,PRSWEB_PHECODE187.2_C3-TESTIS_LASSOSUM_MGI_20200608,Malignant neoplasm of testis,250,250,43,0,0,20,230,8,8.5422,24,226,9.6,9.9175,18,232,7.2,7.8973,12,238,4.8,4.3149
PGS000601,PRSWEB_PHECODE187.2_GWAS-Catalog-r2019-05-03-X187.2_P_5e-08_MGI_20200608,Malignant neoplasm of testis,40,40,6,0,0,21,19,52.5,55.1888,23,17,57.5,60.5008,19,21,47.5,51.1217,26,14,65,75.7776
PGS000602,PRSWEB_PHECODE187.2_GWAS-Catalog-r2019-05-03-X187.2_P_5e-08_UKB_20200608,Malignant neoplasm of testis,40,40,6,0,0,21,19,52.5,55.1888,23,17,57.5,60.5008,19,21,47.5,51.1217,26,14,65,75.7776
PGS000603,PRSWEB_PHECODE187.2_GWAS-Catalog-r2019-05-03-X187.2_PT_MGI_20200608,Malignant neoplasm of testis,22,22,2,0,0,14,8,63.6364,63.9101,15,7,68.1818,69.9501,14,8,63.6364,63.9101,17,5,77.2727,85.1725
PGS000604,PRSWEB_PHECODE187.2_GWAS-Catalog-r2019-05-03-X187.2_PT_UKB_20200608,Malignant neoplasm of testis,44,44,6,0,0,25,19,56.8182,57.8233,27,17,61.3636,62.8229,23,21,52.2727,53.9953,27,17,61.3636,72.678
PGS000605,PRSWEB_PHECODE189.11_GWAS-Catalog-r2019-05-03-X189.11_P_5e-08_UKB_20200608,"Malignant neoplasm of kidney, except pelvis",12,12,0,0,0,3,9,25,26.2346,7,5,58.3333,76.9863,5,7,41.6667,71.6197,11,1,91.6667,94.8767
PGS000606,PRSWEB_PHECODE189.11_GWAS-Catalog-r2019-05-03-X189.11_PT_UKB_20200608,"Malignant neoplasm of kidney, except pelvis",12,12,0,0,0,3,9,25,26.2346,7,5,58.3333,76.9863,5,7,41.6667,71.6197,11,1,91.6667,94.8767
PGS000610,PRSWEB_PHECODE189.2_GWAS-Catalog-r2019-05-03-X189.2_P_5e-08_MGI_20200608,Bladder cancer,13,13,0,0,0,10,3,76.9231,76.292,10,3,76.9231,76.292,11,2,84.6154,84.5057,12,1,92.3077,88.7463
PGS000611,PRSWEB_PHECODE189.2_GWAS-Catalog-r2019-05-03-X189.2_P_5e-08_UKB_20200608,Bladder cancer,13,13,0,0,0,10,3,76.9231,76.292,10,3,76.9231,76.292,11,2,84.6154,84.5057,12,1,92.3077,88.7463
PGS000612,PRSWEB_PHECODE189.2_GWAS-Catalog-r2019-05-03-X189.2_PT_MGI_20200608,Bladder cancer,13,13,0,0,0,10,3,76.9231,76.292,10,3,76.9231,76.292,11,2,84.6154,84.5057,12,1,92.3077,88.7463
PGS000613,PRSWEB_PHECODE189.2_GWAS-Catalog-r2019-05-03-X189.2_PT_UKB_20200608,Bladder cancer,15,15,0,0,0,12,3,80,79.26,12,3,80,79.26,13,2,86.6667,86.4454,13,2,86.6667,84.8217
PGS000615,PRSWEB_PHECODE189.2_UKBB-SAIGE-HRC-X189.2_PT_MGI_20200608,Bladder cancer,106,106,21,0,0,8,98,7.5472,4.1223,12,94,11.3208,6.6271,8,98,7.5472,4.9925,17,89,16.0377,17.4311
PGS000618,PRSWEB_PHECODE191.1_GWAS-Catalog-r2019-05-03-X191.1_P_5e-08_UKB_20200608,Cancer of brain and nervous system,23,23,3,0,0,7,16,30.4348,25.2126,8,15,34.7826,30.4811,8,15,34.7826,36.9782,5,18,21.7391,30.6721
PGS000619,PRSWEB_PHECODE191.1_GWAS-Catalog-r2019-05-03-X191.1_PT_UKB_20200608,Cancer of brain and nervous system,19,19,3,0,0,5,14,26.3158,21.6562,6,13,31.5789,27.504,6,13,31.5789,34.7155,4,15,21.0526,29.9156
PGS000620,PRSWEB_PHECODE191.11_C71_LASSOSUM_MGI_20200608,Brain cancer,522,522,83,0,0,41,481,7.8544,7.723,65,457,12.4521,13.5342,45,477,8.6207,9.7234,41,481,7.8544,11.3584
PGS000621,PRSWEB_PHECODE191.11_GWAS-Catalog-r2019-05-03-X191.11_P_5e-08_MGI_20200608,Brain cancer,12,12,1,0,0,4,8,33.3333,24.2486,5,7,41.6667,36.2071,5,7,41.6667,55.1974,2,10,16.6667,36.2401
PGS000622,PRSWEB_PHECODE191.11_GWAS-Catalog-r2019-05-03-X191.11_P_5e-08_UKB_20200608,Brain cancer,12,12,1,0,0,4,8,33.3333,24.2486,5,7,41.6667,36.2071,5,7,41.6667,55.1974,2,10,16.6667,36.2401
PGS000623,PRSWEB_PHECODE191.11_GWAS-Catalog-r2019-05-03-X191.11_PT_MGI_20200608,Brain cancer,11,11,0,0,0,4,7,36.3636,25.4676,5,6,45.4545,38.0273,5,6,45.4545,57.9723,2,9,18.1818,38.062
PGS000624,PRSWEB_PHECODE191.11_GWAS-Catalog-r2019-05-03-X191.11_PT_UKB_20200608,Brain cancer,5,5,0,0,0,1,4,20,14.8577,2,3,40,32.9061,3,2,60,69.553,2,3,40,54.6953
PGS000625,PRSWEB_PHECODE191.11_UKBB-SAIGE-HRC-X191.11_PT_MGI_20200608,Brain cancer,11,11,1,0,0,0,11,0,0,2,9,18.1818,9.8228,3,8,27.2727,37.7006,3,8,27.2727,37.7145
PGS000626,PRSWEB_PHECODE193_20001-1065_PT_MGI_20200608,Thyroid cancer,8,8,0,0,0,1,7,12.5,13.2366,1,7,12.5,13.2366,1,7,12.5,13.2366,2,6,25,33.894
PGS000627,PRSWEB_PHECODE193_C3-THYROID-GLAND_PT_MGI_20200608,Thyroid cancer,11,11,0,0,0,0,11,0,0,0,11,0,0,0,11,0,0,0,11,0,0
PGS000628,PRSWEB_PHECODE193_C3-THYROID-GLAND_LASSOSUM_MGI_20200608,Thyroid cancer,656,656,94,0,0,33,623,5.0305,6.3316,66,590,10.061,10.6125,37,619,5.6402,7.3874,35,621,5.3354,6.3539
PGS000629,PRSWEB_PHECODE193_C73_PT_MGI_20200608,Thyroid cancer,8,8,2,0,0,1,7,12.5,10.083,1,7,12.5,10.083,1,7,12.5,10.083,1,7,12.5,10.083
PGS000630,PRSWEB_PHECODE193_GWAS-Catalog-r2019-05-03-X193_P_5e-08_MGI_20200608,Thyroid cancer,10,10,4,0,0,1,9,10,6.0306,1,9,10,6.0306,1,9,10,6.0306,2,8,20,27.2937
PGS000631,PRSWEB_PHECODE193_GWAS-Catalog-r2019-05-03-X193_P_5e-08_UKB_20200608,Thyroid cancer,10,10,4,0,0,1,9,10,6.0306,1,9,10,6.0306,1,9,10,6.0306,2,8,20,27.2937
PGS000632,PRSWEB_PHECODE193_GWAS-Catalog-r2019-05-03-X193_PT_MGI_20200608,Thyroid cancer,8,8,3,0,0,0,8,0,0,0,8,0,0,0,8,0,0,2,6,25,31.0371
PGS000633,PRSWEB_PHECODE193_GWAS-Catalog-r2019-05-03-X193_PT_UKB_20200608,Thyroid cancer,5,5,2,0,0,0,5,0,0,0,5,0,0,0,5,0,0,1,4,20,28.4888
PGS000635,PRSWEB_PHECODE193_UKBB-SAIGE-HRC-X193_PT_MGI_20200608,Thyroid cancer,5,5,1,0,0,1,4,20,16.0446,1,4,20,16.0446,1,4,20,16.0446,1,4,20,16.0446
PGS000636,PRSWEB_PHECODE193_UKBB-SAIGE-HRC-X193_LASSOSUM_MGI_20200608,Thyroid cancer,954,954,140,0,0,58,896,6.0797,6.44,102,852,10.6918,11.5089,58,896,6.0797,6.3209,66,888,6.9182,7.3152
PGS000638,PRSWEB_PHECODE201_GWAS-Catalog-r2019-05-03-X201_P_5e-08_MGI_20200608,Hodgkin's disease,16,16,0,0,0,9,7,56.25,56.1697,10,6,62.5,59.7672,9,7,56.25,56.1697,6,10,37.5,44.8231
PGS000639,PRSWEB_PHECODE201_GWAS-Catalog-r2019-05-03-X201_PT_MGI_20200608,Hodgkin's disease,20,20,0,0,0,13,7,65,63.6604,14,6,70,66.6431,13,7,65,63.6604,8,12,40,46.7582
PGS000641,PRSWEB_PHECODE202.2_GWAS-Catalog-r2019-05-03-X202.2_P_5e-08_UKB_20200608,Non-Hodgkins lymphoma,12,12,2,0,0,7,5,58.3333,58.0142,7,5,58.3333,54.5493,7,5,58.3333,58.0142,10,2,83.3333,75.7007
PGS000642,PRSWEB_PHECODE202.2_GWAS-Catalog-r2019-05-03-X202.2_PT_UKB_20200608,Non-Hodgkins lymphoma,10,10,2,0,0,6,4,60,55.7487,6,4,60,51.4071,6,4,60,55.7487,8,2,80,69.5518
PGS000645,PRSWEB_PHECODE204.1_C-LYMPHOID-LEUKAEMIA_PT_MGI_20200608,Lymphoid leukemia,6,6,1,0,0,1,5,16.6667,11.6857,1,5,16.6667,11.6857,1,5,16.6667,11.6857,2,4,33.3333,25.7183
PGS000646,PRSWEB_PHECODE204.12_GWAS-Catalog-r2019-05-03-X204.12_P_5e-08_MGI_20200608,"Lymphoid leukemia, chronic",32,32,4,0,0,13,19,40.625,38.6228,16,16,50,50.1152,12,20,37.5,36.1504,16,16,50,52.8084
PGS000647,PRSWEB_PHECODE204.12_GWAS-Catalog-r2019-05-03-X204.12_P_5e-08_UKB_20200608,"Lymphoid leukemia, chronic",32,32,4,0,0,13,19,40.625,38.6228,16,16,50,50.1152,12,20,37.5,36.1504,16,16,50,52.8084
PGS000648,PRSWEB_PHECODE204.12_GWAS-Catalog-r2019-05-03-X204.12_PT_MGI_20200608,"Lymphoid leukemia, chronic",44,44,4,0,0,18,26,40.9091,37.3903,25,19,56.8182,55.746,18,26,40.9091,40.8636,21,23,47.7273,47.8276
PGS000649,PRSWEB_PHECODE204.12_GWAS-Catalog-r2019-05-03-X204.12_PT_UKB_20200608,"Lymphoid leukemia, chronic",27,27,4,0,0,11,16,40.7407,38.7064,13,14,48.1481,48.6275,10,17,37.037,35.9543,14,13,51.8519,53.8921
PGS000650,PRSWEB_PHECODE204.12_UKBB-SAIGE-HRC-X204.12_PT_MGI_20200608,"Lymphoid leukemia, chronic",6,6,1,0,0,0,6,0,0,0,6,0,0,0,6,0,0,1,5,16.6667,11.4955
PGS000651,PRSWEB_PHECODE204.12_UKBB-SAIGE-HRC-X204.12_LASSOSUM_MGI_20200608,"Lymphoid leukemia, chronic",76,76,8,0,0,4,72,5.2632,7.212,7,69,9.2105,9.924,5,71,6.5789,7.6796,7,69,9.2105,20.1418
PGS000652,PRSWEB_PHECODE204.4_C90_PT_MGI_20200608,Multiple myeloma,27,27,6,0,0,3,24,11.1111,6.2233,3,24,11.1111,6.2233,4,23,14.8148,11.3922,1,26,3.7037,2.0619
PGS000653,PRSWEB_PHECODE204.4_GWAS-Catalog-r2019-05-03-X204.4_P_5e-08_UKB_20200608,Multiple myeloma,22,22,3,0,0,6,16,27.2727,40.0247,12,10,54.5455,61.223,6,16,27.2727,40.0247,7,15,31.8182,29.8331
PGS000654,PRSWEB_PHECODE204.4_GWAS-Catalog-r2019-05-03-X204.4_PT_UKB_20200608,Multiple myeloma,21,21,3,0,0,6,15,28.5714,41.0137,12,9,57.1429,62.7358,6,15,28.5714,41.0137,7,14,33.3333,30.5703
PGS000655,NAFLD-10,Non-alcoholic fatty liver disease,10,10,0,0,0,4,6,40,18.0762,5,5,50,37.8468,6,4,60,46.7221,5,5,50,55.0478
PGS000656,NAS-11,Non-alcoholic fatty liver disease activity score,11,11,0,0,0,5,6,45.4545,38.7596,6,5,54.5455,53.692,7,4,63.6364,65.678,6,5,54.5455,61.2876
PGS000658,PRS-TC,Total cholesterol,229,229,0,0,0,32,197,13.9738,15.5376,51,178,22.2707,23.5402,32,197,13.9738,18.8231,26,203,11.3537,15.2842
PGS000659,PRS-TG,Triglycerides,142,142,0,0,0,17,125,11.9718,13.9186,28,114,19.7183,20.3391,19,123,13.3803,15.7887,23,119,16.1972,16.7574
PGS000660,PRS-HDL,HDL cholesterol,549,549,0,0,0,92,457,16.7577,16.7632,128,421,23.3151,22.2645,93,456,16.9399,17.0613,64,485,11.6576,13.7399
PGS000661,PRS-LDL,LDL cholesterol,84,84,0,0,0,11,73,13.0952,10.7038,19,65,22.619,20.3383,13,71,15.4762,22.9994,12,72,14.2857,18.0595
PGS000662,GRS.PCa.269,Prostate Cancer,269,269,28,0,0,23,246,8.5502,8.5825,44,225,16.3569,14.0775,26,243,9.6654,14.2177,45,224,16.7286,25.3229
PGS000663,wGRS22,Pancreatic cancer,22,22,3,0,0,7,15,31.8182,30.3158,16,6,72.7273,73.0999,8,14,36.3636,40.3317,14,8,63.6364,60.6758
PGS000664,GRS7_GFR,Rapid decline of glomerular filtration rate (GFR),7,7,1,0,0,0,7,0,0,0,7,0,0,0,7,0,0,2,5,28.5714,28.5714
PGS000665,GRS_32,Ischemic stroke,32,32,2,0,0,8,24,25,17.2237,12,20,37.5,34.1487,9,23,28.125,21.6932,10,22,31.25,41.6999
PGS000666,PGS_LVESVi,Body surface area-indexed left ventricular end-systolic volume,28,28,1,0,0,3,25,10.7143,7.3314,6,22,21.4286,14.956,2,26,7.1429,5.3763,4,24,14.2857,10.6061
PGS000667,LPA_GRS43,Lipoprotein A,43,43,6,0,0,2,41,4.6512,0.6755,2,41,4.6512,0.6755,4,39,9.3023,1.7796,5,38,11.6279,16.952
PGS000690,snpnet.Microalbumin_in_urine,Microalbumin in urine [mg/L],111,111,5,0,0,42,69,37.8378,35.312,53,58,47.7477,51.1146,42,69,37.8378,37.6417,19,92,17.1171,24.2274
PGS000714,PRS55_PC,Prostate cancer,55,55,9,0,0,12,43,21.8182,20.0721,20,35,36.3636,35.6343,15,40,27.2727,25.3431,13,42,23.6364,25.4319
PGS000716,PGS295_elbs,Early life body size,295,295,39,0,0,33,262,11.1864,10.2366,56,239,18.9831,17.565,36,259,12.2034,11.6384,45,250,15.2542,20.816
PGS000717,PGS557_albs,Adult life body size,557,557,86,0,0,56,501,10.0539,9.7463,88,469,15.7989,14.9831,58,499,10.4129,10.2637,52,505,9.3357,10.9561
PGS000718,PRPBB_44,Beta-blocker survival benefit,44,44,2,0,0,5,39,11.3636,10.4311,9,35,20.4545,19.9452,5,39,11.3636,10.4311,6,38,13.6364,13.7533
PGS000719,PRS_Prostate,Prostate cancer,134,134,0,0,0,53,81,39.5522,39.207,70,64,52.2388,48.0417,57,77,42.5373,51.353,86,48,64.1791,66.3722
PGS000720,PRS_Colorectal,Colorectal cancer,95,95,0,0,0,26,69,27.3684,25.0315,36,59,37.8947,34.0273,29,66,30.5263,27.5801,42,53,44.2105,45.3066
PGS000721,PRS_Lung,Lung cancer,19,19,0,0,0,4,15,21.0526,22.2395,8,11,42.1053,59.7201,5,14,26.3158,40.591,8,11,42.1053,50.4277
PGS000722,PRS_Kidney,Kidney cancer,15,15,0,0,0,6,9,40,43.2422,7,8,46.6667,44.533,5,10,33.3333,38.6105,13,2,86.6667,83.3713
PGS000723,PRS_Bladder,Bladder cancer,14,14,0,0,0,12,2,85.7143,84.4308,12,2,85.7143,84.4308,13,1,92.8571,92.4451,13,1,92.8571,89.025
PGS000724,PRS_Ovary,Epithelial ovarian cancer,31,31,0,0,0,4,27,12.9032,8.9826,5,26,16.129,10.752,4,27,12.9032,8.9826,13,18,41.9355,30.5886
PGS000725,PRS_Pancreas,Pancreatic cancer,22,22,0,0,0,8,14,36.3636,33.773,16,6,72.7273,71.8766,9,13,40.9091,44.1264,14,8,63.6364,59.5072
PGS000726,PGS12_CIR,Cirrhosis,12,12,3,0,0,2,10,16.6667,31.1886,6,6,50,61.6683,3,9,25,48.6925,6,6,50,74.4078
PGS000730,PRS_BCC,Basal cell carcinoma,47,47,10,0,0,10,37,21.2766,39.6369,15,32,31.9149,48.3216,12,35,25.5319,45.1201,11,36,23.4043,44.4187
PGS000731,PRS_SCC,Squamous cell carcinoma,14,14,3,0,0,5,9,35.7143,42.7286,6,8,42.8571,49.2283,5,9,35.7143,48.9312,4,10,28.5714,56.0333
PGS000732,PRS_Melanoma,Melanoma,18,18,3,0,0,5,13,27.7778,43.0045,7,11,38.8889,49.2453,6,12,33.3333,47.9643,5,13,27.7778,44.678
PGS000733,PHS46+African,Prostate cancer,49,49,6,0,0,11,38,22.449,14.5609,19,30,38.7755,26.3441,14,35,28.5714,18.5932,16,33,32.6531,25.4928
PGS000734,PRS95_CRC,Colorectal cancer,95,95,8,0,0,10,85,10.5263,11.5333,18,77,18.9474,17.9491,11,84,11.5789,11.7028,21,74,22.1053,23.6254
PGS000735,PRS_PR,PR interval,44,44,8,0,0,13,31,29.5455,23.065,19,25,43.1818,34.8297,12,32,27.2727,21.2074,15,29,34.0909,37.7709
PGS000736,PRS_QRS,QRS duration,26,26,2,0,0,8,18,30.7692,32.3767,15,11,57.6923,58.2781,9,17,34.6154,38.1898,13,13,50,55.482
PGS000737,PRS_BrS,Brugada syndrome,3,3,1,0,0,0,3,0,0,1,2,33.3333,48.2051,0,3,0,0,3,0,100,100
PGS000738,CONFIRMED_PGS,Vitiligo,48,48,6,0,0,10,38,20.8333,19.4493,19,29,39.5833,35.1177,13,35,27.0833,26.206,19,29,39.5833,42.5493
PGS000739,HCM_GRS,Hypertrophic cardiomyopathy,27,27,3,0,0,3,24,11.1111,7.7758,3,24,11.1111,7.7758,3,24,11.1111,7.7758,1,26,3.7037,8.2886
PGS000740,PRS128_LC,Lung cancer,128,128,26,0,0,20,108,15.625,21.3222,33,95,25.7813,36.7921,27,101,21.0938,27.1169,40,88,31.25,38.5393
PGS000741,PCa_PHS2,Prostate cancer,46,46,6,0,0,11,35,23.913,19.4146,19,27,41.3043,35.1254,14,32,30.4348,24.7909,16,30,34.7826,33.9904
PGS000742,PHS166,Prostate cancer,166,166,16,0,0,52,114,31.3253,28.6986,72,94,43.3735,41.4898,56,110,33.7349,31.3696,93,73,56.0241,51.892
PGS000743,PRS_melanoma,Melanoma,45,45,5,0,0,27,18,60,64.6843,28,17,62.2222,65.8948,26,19,57.7778,63.3325,21,24,46.6667,57.6027
PGS000744,PRS_melanoma_pigment.pathway,Melanoma,31,31,3,0,0,19,12,61.2903,66.4391,19,12,61.2903,66.4391,18,13,58.0645,64.756,14,17,45.1613,59.5143
PGS000745,PRS_melanoma_telomere.pathway,Melanoma,9,9,1,0,0,5,4,55.5556,58.4945,6,3,66.6667,70.2342,5,4,55.5556,58.4945,4,5,44.4444,43.7547
PGS000750,PRS_43,Parkinson's disease,43,43,2,0,0,5,38,11.6279,7.1632,9,34,20.9302,12.4709,10,33,23.2558,17.6305,22,21,51.1628,47.3695
PGS000751,PRS_PrCa_EuropeanWeighted,Prostate cancer,178,178,0,5,0,25,153,14.0449,9.6631,40,138,22.4719,15.5768,28,150,15.7303,17.5727,51,127,28.6517,33.5924
PGS000753,PRS29_AAA,Abdominal aortic aneurysm,29,29,3,0,0,11,18,37.931,38.4998,13,16,44.8276,45.5249,13,16,44.8276,45.5249,9,20,31.0345,39.1342
PGS000755,PRS_SUA,Serum uric acid levels,14,14,0,0,0,3,11,21.4286,22.5114,5,9,35.7143,32.717,2,12,14.2857,13.8601,4,10,28.5714,29.4912
PGS000756,GRS3_Nar,Narcolepsy,32,32,1,0,0,9,23,28.125,28.125,16,16,50,50,12,20,37.5,37.5,14,18,43.75,43.75
PGS000757,GRS4_Nar,Narcolepsy,5,5,0,0,0,1,4,20,20,2,3,40,40,2,3,40,40,5,0,100,100
PGS000759,hypoT,Hypothyroidism,140,140,0,0,0,30,110,21.4286,21.215,43,97,30.7143,27.9949,36,104,25.7143,27.5856,21,119,15,17.3943
PGS000760,VIT,Vitiligo,42,42,0,0,0,10,32,23.8095,21.8921,18,24,42.8571,40.1116,12,30,28.5714,27.6106,12,30,28.5714,34.4786
PGS000764,PRS23_POAG,Primary-open angle glaucoma,23,23,0,0,0,9,14,39.1304,47.2347,9,14,39.1304,47.2347,9,14,39.1304,47.2347,9,14,39.1304,47.056
PGS000765,PRS_CRC95,Colorectal cancer,95,95,8,0,0,10,85,10.5263,11.5333,18,77,18.9474,17.9491,11,84,11.5789,11.7028,21,74,22.1053,23.6254
PGS000766,PRS56_CM,Cutaneous melanoma,56,56,0,0,0,10,46,17.8571,22.6924,14,42,25,27.6713,11,45,19.6429,26.706,17,39,30.3571,51.3324
PGS000767,GRS14,Depression,14,14,1,0,0,4,10,28.5714,30.5227,5,9,35.7143,38.3012,3,11,21.4286,23.2732,1,13,7.1429,5.5383
PGS000768,PRS_QT,QT-interval,68,68,14,0,0,23,45,33.8235,30.8726,28,40,41.1765,39.7073,27,41,39.7059,45.7355,59,9,86.7647,76.2258
PGS000769,PRS16_BDR,Response to bronchodilator (albutamol),16,16,0,0,0,14,2,87.5,88.3881,14,2,87.5,88.3881,11,5,68.75,68.275,1,15,6.25,5.6027
PGS000770,PRS231,Body mass index (BMI),231,231,18,0,0,95,136,41.1255,40.7247,138,93,59.7403,56.7315,109,122,47.1861,46.9162,172,59,74.4589,72.2342
PGS000771,GRS95_SLEmain,Systemic lupus erythematosus,95,95,5,0,0,54,41,56.8421,54.6841,74,21,77.8947,76.0485,52,43,54.7368,57.2116,51,44,53.6842,52.8797
PGS000772,GRS95_SLEgen,Systemic lupus erythematosus,95,95,5,0,0,54,41,56.8421,52.4657,74,21,77.8947,77.816,52,43,54.7368,55.8566,51,44,53.6842,54.8071
PGS000773,PRS179_BC,Breast cancer,179,179,16,0,0,48,131,26.8156,23.5852,69,110,38.5475,37.283,51,128,28.4916,28.4943,134,45,74.8603,75.5722
PGS000774,PRS179_ERpos,Estrogen receptor positive breast cancer,179,179,16,0,0,48,131,26.8156,23.8855,69,110,38.5475,36.4503,51,128,28.4916,28.3121,134,45,74.8603,74.5547
PGS000775,PRS179_ERneg,Estrogen receptor negative breast cancer,179,179,16,0,0,48,131,26.8156,22.3041,69,110,38.5475,39.8593,51,128,28.4916,29.3947,134,45,74.8603,77.8058
PGS000776,GRS9_Cirr,Cirrhosis,9,9,0,0,0,1,8,11.1111,17.4875,3,6,33.3333,44.1397,1,8,11.1111,17.4875,3,6,33.3333,43.6097
PGS000777,PHS3_PDD,Parkinson's disease dementia,3,3,0,0,0,0,3,0,0,0,3,0,0,0,3,0,0,0,3,0,0
PGS000778,PRSHCM,Hypertrophic cardiomyopathy,20,20,5,0,0,1,19,5,3.8592,2,18,10,9.4794,1,19,5,5.6202,4,16,20,21.7306
PGS000779,PGS7_AD,Alzheimer's disease,7,7,1,0,0,1,6,14.2857,14.352,4,3,57.1429,53.6286,3,4,42.8571,46.4178,3,4,42.8571,46.4178
PGS000780,PRS135_allergy,Allergic disease,135,135,16,0,0,17,118,12.5926,10.6663,28,107,20.7407,19.7206,21,114,15.5556,17.0742,21,114,15.5556,18.8877
PGS000781,GRS7_Glio,Glioma,5,5,0,0,0,4,1,80,75.0557,5,0,100,100,4,1,80,75.0557,4,1,80,75.0557
PGS000782,CC_Bladder_IV,Bladder cancer,15,15,0,0,0,13,2,86.6667,87.7743,13,2,86.6667,87.7743,14,1,93.3333,93.7765,14,1,93.3333,88.0878
PGS000783,CC_Breast_IV,Breast cancer,162,162,12,0,0,42,120,25.9259,27.9155,60,102,37.037,38.8698,42,120,25.9259,28.0404,115,47,70.9877,71.6689
PGS000784,CC_Cervix_IV,Cervical cancer,10,10,0,0,0,1,9,10,8.5722,5,5,50,51.916,2,8,20,16.7045,4,6,40,41.8677
PGS000785,CC_Colorectal_IV,Colorectal cancer,103,103,9,0,0,20,83,19.4175,20.6542,28,75,27.1845,28.5889,21,82,20.3883,21.2962,35,68,33.9806,34.7969
PGS000786,CC_Endo_IV,Endometrial cancer,9,9,2,0,0,2,7,22.2222,18.9305,2,7,22.2222,18.9305,2,7,22.2222,18.9305,1,8,11.1111,15.3426
PGS000787,CC_Kidney_IV,Kidney cancer,19,19,0,0,0,5,14,26.3158,30.8232,7,12,36.8421,37.8829,5,14,26.3158,30.8232,15,4,78.9474,76.4598
PGS000788,CC_LL_IV,Lymphocytic leukemiaaa,75,75,7,0,0,25,50,33.3333,35.9935,37,38,49.3333,51.7292,29,46,38.6667,40.9382,35,40,46.6667,48.0261
PGS000789,CC_Lung_IV,Lung cancer,109,109,13,0,0,21,88,19.2661,18.6933,31,78,28.4404,31.411,22,87,20.1835,21.0203,33,76,30.2752,30.9899
PGS000790,CC_Melanoma_IV,Melanoma,24,24,0,0,0,13,11,54.1667,54.0708,16,8,66.6667,66.8772,13,11,54.1667,54.0534,17,7,70.8333,72.4981
PGS000791,CC_NHL_IV,Non-Hodgkin's lymphoma,19,19,3,0,0,7,12,36.8421,36.1962,10,9,52.6316,51.3211,8,11,42.1053,41.1263,13,6,68.4211,73.002
PGS000792,CC_Oral_IV,Oral cavity and pharyngeal cancers,14,14,1,0,0,4,10,28.5714,30.8364,3,11,21.4286,22.5873,4,10,28.5714,30.8364,5,9,35.7143,37.6034
PGS000793,CC_Ovary_IV,Ovarian cancer,36,36,3,0,0,6,30,16.6667,13.9004,10,26,27.7778,23.2347,7,29,19.4444,16.049,17,19,47.2222,40.2569
PGS000794,CC_Pancreas_IV,Pancreatic cancer,22,22,3,0,0,8,14,36.3636,39.0484,16,6,72.7273,75.7897,8,14,36.3636,40.8704,13,9,59.0909,61.0696
PGS000795,CC_Prostate_IV,Prostate cancer,161,161,10,0,0,68,93,42.236,51.9303,88,73,54.6584,64.0759,70,91,43.4783,53.961,97,64,60.2484,66.5781
PGS000796,CC_Testis_IV,Testicular cancer,52,52,6,0,0,29,23,55.7692,59.9923,33,19,63.4615,68.0235,28,24,53.8462,58.1816,28,24,53.8462,60.8289
PGS000797,CC_Thyroid_IV,Thyroid cancer,12,12,3,0,0,2,10,16.6667,15.4001,2,10,16.6667,15.4001,2,10,16.6667,15.4001,3,9,25,25.2193
PGS000798,157SNP_GRS,Coronary heart disease,157,157,20,0,0,34,123,21.6561,20.738,60,97,38.2166,39.9694,39,118,24.8408,26.618,35,122,22.293,28.9783
PGS000799,GRSw_TAGC,Asthma,22,22,0,0,0,11,11,50,49.8982,15,7,68.1818,68.973,12,10,54.5455,54.9293,8,14,36.3636,36.6405
PGS000800,GRSw_SHARE,Allergic disease,133,133,0,1,0,17,116,12.782,12.7059,28,105,21.0526,20.9472,21,112,15.7895,15.8141,19,114,14.2857,14.4404
PGS000801,GRS40_CRC,Colorectal cancer,40,40,3,0,0,24,16,60,60.928,28,12,70,70.3907,24,16,60,61.2637,32,8,80,82.2344
PGS000802,CRC_19,Colorectal cancer,19,19,0,0,0,11,8,57.8947,60.4729,14,5,73.6842,74.1307,12,7,63.1579,57.9138,16,3,84.2105,82.9764
PGS000803,wGRS41_SLE,Systemic lupus erythematosus,41,41,0,0,0,25,16,60.9756,60.6482,38,3,92.6829,86.2072,26,15,63.4146,66.3221,23,18,56.0976,56.3985
PGS000804,GRS582_T2Dmulti,Type 2 diabetes (T2D),582,582,66,4,0,74,508,12.7148,12.1806,126,456,21.6495,20.6801,76,506,13.0584,12.4182,77,505,13.2302,17.3341
PGS000805,GRS582_T2Deur,Type 2 diabetes (T2D),582,582,66,4,0,74,508,12.7148,12.3042,126,456,21.6495,20.831,76,506,13.0584,12.5862,77,505,13.2302,17.2175
PGS000806,GRS582_T2Dafr,Type 2 diabetes (T2D),582,582,66,4,0,74,508,12.7148,10.5272,126,456,21.6495,18.5319,76,506,13.0584,12.0496,77,505,13.2302,14.572
PGS000807,GRS582_T2Dasn,Type 2 diabetes (T2D),582,582,66,4,0,74,508,12.7148,10.319,126,456,21.6495,19.0626,76,506,13.0584,10.1704,77,505,13.2302,15.5893
PGS000808,GRS582_T2Dhis,Type 2 diabetes (T2D),582,582,66,4,0,74,508,12.7148,11.5988,126,456,21.6495,19.0786,76,506,13.0584,11.9303,77,505,13.2302,15.8284
PGS000809,PRS127_MS,Multiple sclerosis,127,127,0,0,0,98,29,77.1654,65.9581,106,21,83.4646,74.0283,99,28,77.9528,70.7549,78,49,61.4173,59.1977
PGS000810,wGRS136_Allergy,"Allergic disease (asthma, hay fever or eczema)",136,136,18,0,0,17,119,12.5,10.5547,29,107,21.3235,20.4182,22,114,16.1765,17.798,20,116,14.7059,17.2613
PGS000811,AD-PRS_39,Alzheimer's disease,39,39,0,0,0,7,32,17.9487,10.3408,11,28,28.2051,18.7736,9,30,23.0769,35.5218,13,26,33.3333,44.8441
PGS000812,AD-PRS_57,Alzheimer's disease,57,57,0,0,0,4,53,7.0175,4.5246,8,49,14.0351,12.0179,6,51,10.5263,10.8054,10,47,17.5439,19.5366
PGS000813,PRS46_melanoma,melanoma,46,46,5,0,0,27,19,58.6957,63.7595,28,18,60.8696,65.0256,26,20,56.5217,62.3457,20,26,43.4783,51.1143
PGS000814,GRS12_LDLc,LDL cholesterol,16,16,0,6,0,7,9,43.75,19.2126,8,8,50,21.2598,8,8,50,21.2598,9,7,56.25,27.1654
PGS000815,GRS290_ALP,Alkaline phosphatase,290,290,49,0,0,40,250,13.7931,8.2713,63,227,21.7241,14.8869,47,243,16.2069,10.5543,40,250,13.7931,14.3034
PGS000816,GRS150_ALT,Alanine transaminase,150,150,25,0,0,16,134,10.6667,13.5365,36,114,24,30.2413,20,130,13.3333,19.7654,27,123,18,24.9966
PGS000817,GRS200_GGT,Gamma-glutamyl transferase,200,200,20,0,0,24,176,12,13.9959,46,154,23,26.9827,26,174,13,17.8258,35,165,17.5,27.3191
PGS000818,GRS_Metabo,Coronary heart disease,138,138,11,0,0,65,73,47.1014,50.5649,96,42,69.5652,70.8218,78,60,56.5217,60.1649,67,71,48.5507,56.4383
PGS000822,GRS_UACR,Urinary albumin to creatinine ratio,59,59,12,0,0,11,48,18.6441,16.0317,14,45,23.7288,19.2857,10,49,16.9492,15.3175,9,50,15.2542,29.6032
PGS000823,GRS23_AD,Alzheimer's disease,23,23,0,0,0,5,18,21.7391,13.4939,9,14,39.1304,30.4701,8,15,34.7826,51.6831,21,2,91.3043,94.1381
PGS000824,LDL-C_PGS,LDL cholesterol,809,809,0,0,0,317,492,39.1842,32.7711,461,348,56.9839,51.1766,325,484,40.1731,37.65,210,599,25.958,31.1503
PGS000825,HDL-C_PGS,HDL cholesterol,883,883,0,0,0,363,520,41.1099,38.0735,506,377,57.3046,52.6455,362,521,40.9966,38.139,216,667,24.4621,27.5912
PGS000826,Triglycerides_PGS,Triglycerides,769,769,0,0,0,277,492,36.0208,29.6965,409,360,53.186,45.2971,273,496,35.5007,31.1182,204,565,26.528,26.5484
PGS000827,WaistCircumference_PGS_M,Waist circumference (male),113,113,0,0,0,43,70,38.0531,37.7478,67,46,59.292,59.0635,42,71,37.1681,36.4838,41,72,36.2832,36.1103
PGS000828,WaistCircumference_PGS_F,Waist circumference (female),149,149,0,0,0,46,103,30.8725,29.774,72,77,48.3221,46.0789,45,104,30.2013,30.1285,42,107,28.1879,28.9987
PGS000829,BMI_PGS_M,Body mass index (BMI) (male),290,290,0,0,0,98,192,33.7931,30.4847,151,139,52.069,49.6902,93,197,32.069,29.7414,81,209,27.931,29.7748
PGS000830,BMI_PGS_F,Body mass index (BMI) (female),372,372,0,0,0,136,236,36.5591,34.7354,209,163,56.1828,53.5541,137,235,36.828,35.8943,108,264,29.0323,29.6911
PGS000832,T2D-GRS,Type 2 diabetes (T2D),384,384,0,0,0,50,334,13.0208,11.0567,82,302,21.3542,18.4584,54,330,14.0625,12.0631,66,318,17.1875,17.333
PGS000833,T1D,Type 1 diabetes (T1D),66,66,0,0,0,16,50,24.2424,23.1868,27,39,40.9091,40.449,21,45,31.8182,36.7918,20,46,30.303,37.3552
PGS000834,CIR,Corrected insulin response (at 30mins during OGTT),220,220,0,0,0,70,150,31.8182,34.4997,105,115,47.7273,53.4571,69,151,31.3636,37.4266,61,159,27.7273,29.8736
PGS000835,ISR,Insulin secretion rate,319,319,0,0,0,35,284,10.9718,11.2501,61,258,19.1223,17.7002,38,281,11.9122,13.1063,55,264,17.2414,16.4971
PGS000836,F-INS,Fasting Insulin,223,223,0,0,0,75,148,33.6323,31.2942,114,109,51.1211,46.7548,74,149,33.1839,31.3408,68,155,30.4933,32.3358
PGS000837,ISI,Insulin sensitivity index,219,219,0,0,0,71,148,32.4201,29.0412,111,108,50.6849,47.0627,70,149,31.9635,30.6558,68,151,31.0502,32.7858
PGS000838,Fasting_Glucose,Fasting Glucose,224,224,0,0,0,73,151,32.5893,33.5979,107,117,47.7679,51.3645,71,153,31.6964,38.7817,72,152,32.1429,32.7415
PGS000839,2H_Glucose,Two hour glucose during OGTT,219,219,0,0,0,70,149,31.9635,38.4164,102,117,46.5753,50.5783,67,152,30.5936,37.5673,62,157,28.3105,32.4643
PGS000840,Fasting_Proinsulin,Fasting Proinsulin,223,223,0,0,0,65,158,29.148,28.1768,102,121,45.7399,45.0917,62,161,27.8027,29.9354,55,168,24.6637,26.9683
PGS000841,BMI,Body mass index (BMI),122,122,0,0,0,45,77,36.8852,33.0465,73,49,59.8361,59.3432,46,76,37.7049,37.2644,83,39,68.0328,69.0376
PGS000842,WHR,Waist-hip ratio,39,39,0,0,0,14,25,35.8974,36.1083,20,19,51.2821,51.9559,13,26,33.3333,34.002,21,18,53.8462,55.0652
PGS000843,WHRadjBMI,WHR adjusted for BMI,63,63,0,0,0,28,35,44.4444,39.6772,37,26,58.7302,54.4797,26,37,41.2698,37.34,41,22,65.0794,64.2181
PGS000844,VAT_Mass,Predicted visceral adipose tissue,518,518,0,0,0,66,452,12.7413,12.2131,99,419,19.112,18.1939,67,451,12.9344,12.6234,50,468,9.6525,12.5806
PGS000845,HDL,HDL cholesterol,303,303,0,0,0,131,172,43.2343,43.1584,189,114,62.3762,59.9394,132,171,43.5644,43.3622,104,199,34.3234,35.0344
PGS000846,LDL,LDL cholesterol,275,275,0,0,0,106,169,38.5455,36.0313,169,106,61.4545,58.5876,125,150,45.4545,44.5069,107,168,38.9091,43.512
PGS000847,TG,Triglycerides (TG),201,201,0,0,0,76,125,37.8109,33.0506,113,88,56.2189,52.7428,76,125,37.8109,38.8575,64,137,31.8408,33.065
PGS000848,T2D_Adiposity,Type 2 diabetes (based on SNPs associated with adiposity),6,6,0,0,0,3,3,50,41.4773,6,0,100,100,5,1,83.3333,88.6364,5,1,83.3333,84.6591
PGS000849,T2D_Impaired_Lipids,Type 2 diabetes (based on SNPs associated with impaired lipids),3,3,0,0,0,1,2,33.3333,19.3915,2,1,66.6667,60.0648,1,2,33.3333,19.3915,3,0,100,100
PGS000850,T2D_Insulin_Action,Type 2 diabetes (based on SNPs associated with insulin action),16,16,0,0,0,9,7,56.25,60.1018,12,4,75,73.943,10,6,62.5,63.7059,11,5,68.75,72.4405
PGS000851,T2D_Insulin_Action_Secretion,Type 2 diabetes (based on SNPs associated with insulin action/secretion),37,37,0,0,0,15,22,40.5405,31.2754,24,13,64.8649,54.6377,19,18,51.3514,44.9898,22,15,59.4595,64.6534
PGS000852,T2D_Insulin_Secretion_1,Type 2 diabetes (based on SNPs associated with insulin secretion),8,8,0,0,0,6,2,75,74.5001,8,0,100,100,8,0,100,100,7,1,87.5,91.237
PGS000853,T2D_Insulin_Secretion_2,Type 2 diabetes (based on SNPs associated with insulin secretion),21,21,0,0,0,7,14,33.3333,26.0325,18,3,85.7143,86.6909,12,9,57.1429,68.8298,16,5,76.1905,82.4994
PGS000854,T2D_BetaCell,Type 2 diabetes (based on SNPs associated with beta cell function),27,27,0,0,0,16,11,59.2593,54.9369,25,2,92.5926,91.3883,17,10,62.963,60.7275,19,8,70.3704,69.9332
PGS000855,T2D_Lipodystrophy,Type 2 diabetes (based on SNPs associated with lipodystrophy),18,18,0,0,0,7,11,38.8889,37.8509,11,7,61.1111,57.212,9,9,50,47.4347,12,6,66.6667,74.0561
PGS000856,T2D_LiverLipids,Type 2 diabetes (based on SNPs associated with liver lipids),3,3,0,0,0,1,2,33.3333,38.5093,3,0,100,100,2,1,66.6667,52.795,3,0,100,100
PGS000857,T2D_Obesity,Type 2 diabetes (based on SNPs associated with obesity),4,4,0,0,0,2,2,50,40.9449,2,2,50,40.9449,2,2,50,40.9449,3,1,75,76.378
PGS000858,T2D_Proinsulin,Type 2 diabetes (based on SNPs associated with proinsulin levels),6,6,0,0,0,3,3,50,29.1829,4,2,66.6667,37.3541,4,2,66.6667,37.3541,5,1,83.3333,65.7588
PGS000859,CKD,Chronic kidney disease,34,34,0,0,0,5,29,14.7059,12.4709,11,23,32.3529,29.1648,10,24,29.4118,27.3455,7,27,20.5882,19.4838
PGS000860,eGFR,Estimated glomerular filtration rate,625,625,0,0,0,90,535,14.4,12.0712,146,479,23.36,20.534,91,534,14.56,13.0462,59,566,9.44,9.9009
PGS000861,UACR,Urine Albumin-to-Creatinine ratio,93,93,0,0,0,12,81,12.9032,10.4288,21,72,22.5806,16.6748,12,81,12.9032,10.6041,13,80,13.9785,15.3243
PGS000862,DR,Diabetic Retinopathy,30,30,0,0,1,5,25,16.6667,13.1833,12,18,40,30.9475,8,22,26.6667,24.6533,1,29,3.3333,2.0444
PGS000863,Cardiovascular,Cardiovascular disease,330,330,0,0,0,81,249,24.5455,22.9199,120,210,36.3636,32.8454,88,242,26.6667,26.1562,81,249,24.5455,30.6536
PGS000865,PRS-HFC,Hepatic fat content,4,4,1,0,0,2,2,50,19.1276,3,1,75,58.9567,3,1,75,58.9567,4,0,100,100
PGS000866,PRS-HFC_SOS,Hepatic fat content,4,4,1,0,0,2,2,50,16.9231,3,1,75,50,3,1,75,50,4,0,100,100
PGS000867,GRS10_Allergy,Allergy,10,10,0,2,0,3,7,30,27.3949,6,4,60,56.774,5,5,50,48.6005,8,2,80,73.121
PGS000868,T2D_221,Type 2 diabetes (T2D),221,221,42,0,0,35,186,15.8371,15.6463,55,166,24.8869,23.1165,40,181,18.0995,17.8303,49,172,22.1719,22.9752
PGS000869,T1D_48,Type 1 diabetes (T1D),48,48,9,0,0,12,36,25,30.5221,19,29,39.5833,47.28,16,32,33.3333,39.7889,24,24,50,50.6827
PGS000870,CFRD_18,Cystic fibrosis related diabetes,18,18,1,0,0,5,13,27.7778,27.6126,7,11,38.8889,35.8853,5,13,27.7778,25.5439,8,10,44.4444,52.1908
PGS000871,IS_14,Insulin secretion,14,14,0,0,0,6,8,42.8571,45.0069,8,6,57.1429,56.741,7,7,50,51.9952,7,7,50,52.5689
PGS000872,PRS-5,Non-alcoholic fatty liver disease,5,5,1,0,0,2,3,40,12.4112,3,2,60,38.255,3,2,60,38.255,4,1,80,64.8867
PGS000873,SNP143,Breast cancer,143,143,0,0,0,46,97,32.1678,27.2715,82,61,57.3427,50.3602,51,92,35.6643,32.7259,117,26,81.8182,85.2552
PGS000874,PRS41_CLL,Chronic lymphocytic leukemia,41,41,0,0,0,9,32,21.9512,19.4583,11,30,26.8293,22.9681,10,31,24.3902,21.1639,9,32,21.9512,20.6877
PGS000875,PGS36_LDLc,LDL cholesterol,36,36,0,0,0,16,20,44.4444,36.4339,26,10,72.2222,58.6755,17,19,47.2222,40.3381,21,15,58.3333,57.3394
PGS000876,PRS31_AD,Alzheimer's disease,31,31,0,0,0,3,28,9.6774,7.4281,10,21,32.2581,29.1669,6,25,19.3548,19.476,27,4,87.0968,85.0694
PGS000877,uwGRS53_IR,Insulin resistance,53,53,2,0,0,18,35,33.9623,33.9623,28,25,52.8302,52.8302,20,33,37.7358,37.7358,20,33,37.7358,37.7358
PGS000878,PRS4_PC,Prostate cancer,4,4,0,0,0,4,0,100,100,4,0,100,100,4,0,100,100,4,0,100,100
PGS000879,PRS146_IOP,Intraocular pressure,146,146,21,0,0,22,124,15.0685,12.7144,37,109,25.3425,21.3682,22,124,15.0685,13.7735,17,129,11.6438,14.5615
PGS000880,PRS18_LC,Lung cancer,18,18,5,0,0,3,15,16.6667,27.9963,7,11,38.8889,63.9025,4,14,22.2222,45.9536,9,9,50,64.1076
PGS000881,GRS72_PCa,Prostate cancer,72,72,0,0,0,47,25,65.2778,68.1438,59,13,81.9444,87.4676,48,24,66.6667,75.5769,61,11,84.7222,80.7823
PGS000887,GLGC_2021_AFR_LDL_PRS_weights_PT,LDL cholesterol,295,295,35,0,0,23,272,7.7966,6.6408,50,245,16.9492,14.2342,37,258,12.5424,13.4515,28,267,9.4915,9.161
PGS000891,GLGC_2021_EAS_LDL_PRS_weights_PT,LDL cholesterol,66,66,8,0,0,7,59,10.6061,14.6122,16,50,24.2424,25.0688,11,55,16.6667,27.1683,14,52,21.2121,31.0299
PGS000895,GLGC_2021_HIS_LDL_PRS_weights_PT,LDL cholesterol,76,76,6,0,0,8,68,10.5263,17.0814,20,56,26.3158,27.9559,17,59,22.3684,27.5665,17,59,22.3684,19.0098
PGS000897,GLGC_2021_SAS_LDL_PRS_weights_PT,LDL cholesterol,13,13,1,0,0,4,9,30.7692,33.6432,6,7,46.1538,45.6401,5,8,38.4615,36.8012,7,6,53.8462,54.7488
PGS000898,PRS39_AD,Alzheimer's disease,40,40,2,0,1,7,33,17.5,9.7459,11,29,27.5,17.6951,9,31,22.5,33.4846,14,26,35,47.9855
PGS000899,PRS176_CHD,Coronary heart disease,176,176,19,0,0,54,122,30.6818,29.6067,79,97,44.8864,41.1622,58,118,32.9545,32.9966,52,124,29.5455,36.161
PGS000902,PRS90_PD,Parkinson's disease,90,90,0,0,0,10,80,11.1111,30.3401,17,73,18.8889,34.7889,17,73,18.8889,37.7669,15,75,16.6667,40.2257
PGS000904,PRS582_PR,PR interval,582,582,0,0,0,54,528,9.2784,6.5391,88,494,15.1203,11.6037,58,524,9.9656,7.4245,59,523,10.1375,11.8817
PGS000905,PRS743_PR,PR interval,743,743,0,0,0,88,655,11.8439,8.8048,133,610,17.9004,13.4018,93,650,12.5168,9.6956,85,658,11.4401,13.4075
PGS000906,PRS-5,Longevity,330,330,45,0,0,32,298,9.697,7.2333,51,279,15.4545,11.8656,34,296,10.303,8.6929,40,290,12.1212,14.3924
PGS000914,PRS6_EC,Abnormal electrocardiogram,6,6,0,0,0,2,4,33.3333,29.0895,2,4,33.3333,29.0895,2,4,33.3333,29.0895,1,5,16.6667,12.5
PGS000922,GBE_HC170,Sarcoidosis,12,12,1,2,0,1,11,8.3333,0.4459,5,7,41.6667,31.3373,3,9,25,47.3135,3,9,25,28.1773
PGS000923,GBE_HC639,Sarcoidosis (time-to-event),22,22,2,2,0,5,17,22.7273,3.1968,11,11,50,36.7249,9,13,40.9091,36.6634,9,13,40.9091,34.9628
PGS000924,GBE_HC702,Disorders of porphyrin and bilirubin metabolism (time-to-event),5,5,0,0,0,4,1,80,67.0956,4,1,80,67.0956,4,1,80,67.0956,4,1,80,67.0956
PGS000925,GBE_HC1020,Unspecified acute lower respiratory infection (time-to-event),402,402,37,2,0,122,280,30.3483,32.1227,184,218,45.7711,46.5782,158,244,39.3035,39.1685,79,323,19.6517,22.4128
PGS000927,GBE_HC1158,Other dermatitis (time-to-event),242,242,16,2,0,77,165,31.8182,34.9269,110,132,45.4545,45.5779,89,153,36.7769,44.6804,68,174,28.0992,35.2867
PGS000928,GBE_HC644,Other non-toxic goitre (time-to-event),170,170,17,0,0,56,114,32.9412,41.7303,75,95,44.1176,50.3371,67,103,39.4118,47.7775,36,134,21.1765,41.4735
PGS000929,GBE_HC1583,All-cause dementia (algorithmically-defined),6,6,0,0,0,3,3,50,70.286,4,2,66.6667,47.7906,4,2,66.6667,70.4065,3,3,50,95.7193
PGS000930,GBE_BIN_FC3006152,Blood clot (diagnosed by doctor),118,118,15,0,0,43,75,36.4407,45.8799,54,64,45.7627,63.7867,54,64,45.7627,66.1216,33,85,27.9661,52.7706
PGS000931,GBE_BIN_FC11006152,Blood clot or deep vein thrombosis (diagnosed by doctor),534,534,39,0,0,164,370,30.7116,42.3359,234,300,43.8202,55.9485,195,339,36.5169,52.4148,109,425,20.412,38.623
PGS000932,GBE_HC1248,Other intervertebral disk disorders (time-to-event),111,111,9,0,0,38,73,34.2342,32.5013,52,59,46.8468,43.8355,46,65,41.4414,36.9871,33,78,29.7297,30.2845
PGS000933,GBE_HC1024,Nasal polyp (time-to-event),433,433,32,2,0,145,288,33.4873,35.1144,203,230,46.8822,47.5802,158,275,36.4896,41.3557,91,342,21.0162,31.9499
PGS000934,GBE_HC156,Nasal polyps,129,129,5,1,0,50,79,38.7597,34.3812,65,64,50.3876,41.6023,58,71,44.9612,41.638,38,91,29.4574,31.3159
PGS000935,GBE_INI2966,"High blood pressure, age at diagnosis",370,370,27,0,0,105,265,28.3784,32.2677,167,203,45.1351,51.1716,134,236,36.2162,44.4862,80,290,21.6216,25.4387
PGS000940,GBE_HC1132,Intestinal malabsorption (time-to-event),443,443,25,4,0,137,306,30.9255,26.4054,209,234,47.1783,39.02,167,276,37.6975,32.1871,104,339,23.4763,25.3914
PGS000941,GBE_HC868,Iridocyclitis (time-to-event),1,1,0,1,0,0,1,0,0,0,1,0,0,0,1,0,0,0,1,0,0
PGS000942,GBE_HC225,Cholecystitis,391,391,39,0,0,140,251,35.8056,48.2406,196,195,50.1279,68.0494,172,219,43.9898,58.7959,93,298,23.7852,30.1983
PGS000943,GBE_HC1126,Cholecystitis (time-to-event),5,5,1,0,0,4,1,80,86.1019,5,0,100,100,4,1,80,97.2526,2,3,40,14.8197
PGS000944,GBE_HC261,"Eczema, dermatitis",598,598,38,1,0,195,403,32.6087,33.6297,281,317,46.99,48.3482,231,367,38.6288,38.8373,134,464,22.408,27.5583
PGS000945,GBE_HC710,Dementia in Alzheimer's disease (time-to-event),26,26,3,0,0,11,15,42.3077,71.0245,11,15,42.3077,29.1307,11,15,42.3077,74.0452,10,16,38.4615,71.6757
PGS000946,GBE_HC713,Unspecified dementia (time-to-event),9,9,0,0,0,5,4,55.5556,71.4631,5,4,55.5556,27.516,7,2,77.7778,72.5425,6,3,66.6667,85.9377
PGS000950,GBE_HC1171,Skin changes due to chronic exposure to nonionising radiation (time-to-event),169,169,14,1,0,56,113,33.1361,49.2012,75,94,44.3787,62.1403,72,97,42.6036,64.3719,46,123,27.2189,52.7433
PGS000959,GBE_HC136,Connective tissue disorder,16,16,0,2,0,2,14,12.5,2.6364,4,12,25,4.636,5,11,31.25,7.4556,4,12,25,8.595
PGS000960,GBE_HC1236,Other systemic involvement of connective tissue (time-to-event),79,79,6,5,0,18,61,22.7848,11.9302,27,52,34.1772,19.415,26,53,32.9114,23.2759,19,60,24.0506,17.7246
PGS000963,GBE_HC1184,Follicular cysts of skin and subcutaneous tissue (time-to-event),264,264,21,0,0,88,176,33.3333,18.6985,124,140,46.9697,27.5853,110,154,41.6667,26.2113,57,207,21.5909,54.0794
PGS000964,GBE_HC176,Slipped disc,47,47,11,0,0,8,39,17.0213,21.4197,12,35,25.5319,27.2527,13,34,27.6596,25.7395,11,36,23.4043,19.188
PGS000966,GBE_HC26,Iritis,1,1,0,1,0,0,1,0,0,0,1,0,0,0,1,0,0,0,1,0,0
PGS000967,GBE_HC1221,Coxarthrosis [arthrosis of hip] (time-to-event),634,634,53,0,0,196,438,30.9148,35.2749,280,354,44.164,49.3173,240,394,37.8549,43.8778,138,496,21.7666,24.5579
PGS000976,GBE_BIN23066,JCV seropositivity for Human Polyomavirus JCV,16,16,0,0,0,4,12,25,27.8774,5,11,31.25,28.3574,6,10,37.5,29.1209,3,13,18.75,25.037
PGS000977,GBE_BIN23067,MCV seropositivity for Merkel Cell Polyomavirus,3,3,0,0,0,1,2,33.3333,18.331,2,1,66.6667,25.3831,2,1,66.6667,25.3831,1,2,33.3333,18.331
PGS000990,GBE_HC878,Retinal detachments and breaks (time-to-event),237,237,18,0,0,71,166,29.9578,32.4442,105,132,44.3038,43.3736,88,149,37.1308,37.8145,48,189,20.2532,24.3477
PGS000996,GBE_HC262,Diverticular disease/diverticulitis,368,368,31,0,0,118,250,32.0652,32.6415,165,203,44.837,46.0996,146,222,39.6739,42.2926,85,283,23.0978,19.2636
PGS001005,GBE_INI134,Number of self reported cancers,526,526,48,0,0,172,354,32.6996,37.5158,252,274,47.9087,51.998,201,325,38.2129,45.3479,113,413,21.4829,31.1159
PGS001011,GBE_HC534,Viral warts (time-to-event),5,5,0,0,0,0,5,0,0,2,3,40,1.5889,3,2,60,2.3525,2,3,40,1.6191
PGS001013,GBE_BIN_FC5006148,Macular degeneration,53,53,6,0,0,19,34,35.8491,45.3011,23,30,43.3962,48.3387,23,30,43.3962,50.0555,9,44,16.9811,37.3453
PGS001014,GBE_HC654,Other disorders of pancreatic internal secretion (time-to-event),69,69,3,1,0,25,44,36.2319,29.504,33,36,47.8261,39.0369,36,33,52.1739,36.5142,15,54,21.7391,23.5617
PGS001015,GBE_HC85,Enlarged prostate,449,449,37,1,0,137,312,30.5122,27.5293,177,272,39.4209,36.4959,157,292,34.9666,34.902,84,365,18.7082,20.0486
PGS001020,GBE_BIN_FC50006160,Attending social / leisure activities (regular attendance at an adult education class),220,220,22,0,0,68,152,30.9091,35.8523,103,117,46.8182,49.0019,94,126,42.7273,45.7125,52,168,23.6364,23.4197
PGS001023,GBE_HC703,Disorders of mineral metabolism (time-to-event),2,2,0,0,0,0,2,0,0,1,1,50,1.8278,1,1,50,1.8278,2,0,100,100
PGS001024,GBE_HC61,Hemorrhoid,786,786,68,2,0,240,546,30.5344,32.0659,352,434,44.7837,46.1331,285,501,36.2595,38.3088,173,613,22.0102,25.1976
PGS001025,GBE_HC951,Nonrheumatic aortic valve disorders (time-to-event),36,36,2,0,0,18,18,50,59.0009,22,14,61.1111,70.829,20,16,55.5556,82.4601,11,25,30.5556,24.3895
PGS001026,GBE_HC83,Forearm or wrist fracture,45,45,6,0,0,17,28,37.7778,20.5132,27,18,60,65.9656,27,18,60,43.8094,15,30,33.3333,49.7797
PGS001027,GBE_HC1228,Internal derangement of knee (time-to-event),118,118,8,0,0,47,71,39.8305,52.5192,62,56,52.5424,67.987,58,60,49.1525,62.9796,26,92,22.0339,26.1798
PGS001028,GBE_BIN_FC1006148,Diabetic eye disease,123,123,12,2,0,39,84,31.7073,32.8978,58,65,47.1545,44.191,56,67,45.5285,43.1581,28,95,22.7642,25.1992
PGS001029,GBE_HC866,Other disorders of cornea (time-to-event),22,22,4,0,0,8,14,36.3636,52.2166,11,11,50,57.4385,11,11,50,57.4552,4,18,18.1818,42.6536
PGS001030,GBE_HC84,Pulmonary fibrosis,51,51,7,0,0,15,36,29.4118,24.7061,21,30,41.1765,34.5978,20,31,39.2157,36.2253,12,39,23.5294,15.5707
PGS001031,GBE_HC1261,Fibroblastic disorders (time-to-event),252,252,26,0,0,82,170,32.5397,25.115,122,130,48.4127,41.1854,108,144,42.8571,37.6032,52,200,20.6349,14.0737
PGS001032,GBE_HC31,Uterine fibroids,161,161,18,0,0,56,105,34.7826,35.7618,76,85,47.205,49.1307,69,92,42.8571,46.3257,37,124,22.9814,27.3988
PGS001033,GBE_HC624,Other coagulation defects (time-to-event),1,1,0,0,0,1,0,100,100,1,0,100,100,1,0,100,100,1,0,100,100
PGS001036,GBE_INI23004,Epstein Barr virus nuclear antigen 1 IgG seropositivity,38,38,5,3,0,10,28,26.3158,28.3102,17,21,44.7368,41.8483,18,20,47.3684,66.1657,11,27,28.9474,52.4345
PGS001042,GBE_HC645,Thyrotoxicosis [hyperthyroidism] (time-to-event),226,226,24,5,0,85,141,37.6106,43.8383,113,113,50,49.4084,101,125,44.6903,48.9787,63,163,27.8761,32.128
PGS001043,GBE_HC55,"Hyperthyroidism, thyrotoxicosis",69,69,7,5,0,28,41,40.5797,46.6578,34,35,49.2754,47.6874,34,35,49.2754,50.2094,22,47,31.8841,35.8512
PGS001044,GBE_BIN_FC2006179,Glucosamine intake,324,324,29,0,0,100,224,30.8642,25.7819,148,176,45.679,39.3253,123,201,37.963,38.4723,69,255,21.2963,19.3313
PGS001045,GBE_BIN_FC6006155,Vitamin B9 intake,5,5,0,2,0,0,5,0,0,0,5,0,0,1,4,20,1.5361,0,5,0,0
PGS001048,GBE_HC1576,NSTEMI (algorithmically-defined),687,687,63,0,0,199,488,28.9665,26.3707,291,396,42.3581,41.1736,254,433,36.9723,36.3907,155,532,22.5619,25.398
PGS001051,GBE_HC96,Polymyalgia rheumatica,69,69,8,5,0,23,46,33.3333,20.1041,31,38,44.9275,27.4929,28,41,40.5797,24.6411,17,52,24.6377,18.348
PGS001056,GBE_QT_FC1001369,Beef intake,991,991,96,0,0,276,715,27.8507,28.3659,413,578,41.6751,43.1281,341,650,34.4097,35.5077,205,786,20.6862,20.9962
PGS001058,GBE_BIN_FC20001468,Cereal consumption (biscuit cereal),146,146,15,0,0,45,101,30.8219,34.0368,66,80,45.2055,46.247,58,88,39.726,44.4171,38,108,26.0274,30.708
PGS001063,GBE_BIN_FC10001538,Major dietary changes in the last 5 years due to illness,730,730,67,1,0,212,518,29.0411,29.3497,295,435,40.411,40.0927,256,474,35.0685,37.3379,166,564,22.7397,24.8084
PGS001064,GBE_BIN_FC30001418,Milk consumption (skimmed),116,116,12,0,0,40,76,34.4828,38.909,54,62,46.5517,49.0715,57,59,49.1379,51.7219,22,94,18.9655,24.2299
PGS001065,GBE_BIN_FC3006144,Never eat wheat,5,5,0,1,0,0,5,0,0,0,5,0,0,0,5,0,0,0,5,0,0
PGS001070,GBE_INI25003,Volume of ventricular cerebrospinal fluid (normalised for head size),880,880,69,0,0,255,625,28.9773,31.948,371,509,42.1591,43.7988,303,577,34.4318,36.7315,165,715,18.75,19.5334
PGS001072,GBE_BIN_FC20001757,"Facial aging, looking 'older than you are'",39,39,1,0,0,19,20,48.7179,79.1642,24,15,61.5385,86.5424,24,15,61.5385,82.2875,10,29,25.641,61.4807
PGS001081,GBE_INI23027,JC VP1 antigen for Human Polyomavirus JCV,9,9,1,0,0,2,7,22.2222,25.4308,3,6,33.3333,30.6928,2,7,22.2222,25.4308,3,6,33.3333,30.6928
PGS001082,GBE_INI23028,MC VP1 antigen for Merkel Cell Polyomavirus,143,143,16,1,0,44,99,30.7692,26.6475,63,80,44.0559,42.1779,65,78,45.4545,43.3096,32,111,22.3776,36.5239
PGS001085,GBE_BIN_FC10001628,"Increased alcohol consumption, versus 10 years ago",214,214,22,0,0,81,133,37.8505,38.5416,104,110,48.5981,46.3797,89,125,41.5888,45.8838,51,163,23.8318,29.1945
PGS001091,GBE_BIN2020,Loneliness,660,660,62,2,0,182,478,27.5758,28.7119,259,401,39.2424,39.0983,234,426,35.4545,38.7578,112,548,16.9697,17.7259
PGS001097,GBE_BIN_FC6001747,"Hair colour, other",21,21,2,0,0,10,11,47.619,86.2431,12,9,57.1429,88.283,11,10,52.381,87.9048,8,13,38.0952,86.7009
PGS001110,GBE_HC1209,Reactive arthropathies (time-to-event),6,6,0,1,0,3,3,50,11.6523,3,3,50,11.6523,3,3,50,11.6523,2,4,33.3333,10.9183
PGS001111,GBE_cancer1038,Male genital tract cancer,313,313,29,2,0,102,211,32.5879,40.0709,148,165,47.2843,56.2428,124,189,39.6166,49.1946,85,228,27.1565,40.6055
PGS001112,GBE_BIN_FC1006154,Aspirin,499,499,50,0,0,164,335,32.8657,33.7152,237,262,47.495,51.0131,199,300,39.8798,42.2981,110,389,22.0441,27.0633
PGS001113,GBE_BIN_FC7006154,Aspirin use self-reported,790,790,60,1,0,256,534,32.4051,32.6531,360,430,45.5696,48.4334,296,494,37.4684,39.6576,176,614,22.2785,24.2275
PGS001114,GBE_BIN_FC8006154,"Ibuprofen use, self-reported",419,419,32,0,0,134,285,31.9809,32.8259,181,238,43.1981,44.4319,162,257,38.6635,42.4117,85,334,20.2864,26.4835
PGS001116,GBE_BIN_FC2006154,Ibuprofen use,174,174,14,0,0,58,116,33.3333,33.2604,72,102,41.3793,46.0306,72,102,41.3793,46.7971,43,131,24.7126,36.0197
PGS001117,GBE_BIN_FC10002986,Started insulin within one year diagnosis of diabetes,68,68,8,3,0,25,43,36.7647,39.5534,32,36,47.0588,53.6003,30,38,44.1176,43.9903,16,52,23.5294,30.3372
PGS001123,GBE_BIN100240,Coffee consumption,48,48,4,0,0,18,30,37.5,46.8698,24,24,50,51.5876,21,27,43.75,48.5333,16,32,33.3333,52.7813
PGS001125,GBE_BIN_FC20001508,Coffee consumption (instant coffee),432,432,36,0,0,138,294,31.9444,33.9955,210,222,48.6111,48.4825,172,260,39.8148,43.8295,83,349,19.213,22.0521
PGS001129,GBE_BIN_FC30022506,Smoking status (ever vs never smokers),974,974,72,0,0,315,659,32.3409,32.2779,443,531,45.4825,43.8838,349,625,35.8316,36.0624,182,792,18.6858,18.5554
PGS001130,GBE_INI2887,Number of cigarettes previously smoked per day,725,725,55,0,0,234,491,32.2759,36.7414,330,395,45.5172,51.2321,266,459,36.6897,43.1399,126,599,17.3793,22.8451
PGS001131,GBE_HC530,Zoster [herpes zoster] (time-to-event),82,82,4,1,0,27,55,32.9268,30.3361,38,44,46.3415,45.6397,30,52,36.5854,32.7564,24,58,29.2683,31.8315
PGS001136,GBE_HC413,"Hematologic disease, genetic",30,30,1,0,0,15,15,50,57.5159,18,12,60,62.1229,19,11,63.3333,63.2143,12,18,40,76.7932
PGS001137,GBE_HC302,Retinal detachment,321,321,23,0,0,88,233,27.4143,25.455,137,184,42.6791,38.3078,110,211,34.2679,32.2585,70,251,21.8069,21.9836
PGS001138,GBE_BIN10030820,Rheumatoid factor [> 16 IU/mL],456,456,51,2,0,137,319,30.0439,37.3353,204,252,44.7368,53.9191,177,279,38.8158,40.9217,107,349,23.4649,35.1432
PGS001139,GBE_BIN_FC10002644,"Light smokers, at least 100 smokes in lifetime",11,11,1,0,0,3,8,27.2727,68.5788,5,6,45.4545,70.662,5,6,45.4545,70.662,5,6,45.4545,70.662
PGS001143,GBE_INI25867,Volume of grey matter in Parietal Operculum Cortex (R),699,699,46,0,0,223,476,31.9027,33.9245,316,383,45.2074,44.4649,253,446,36.1946,36.7828,136,563,19.4564,21.6524
PGS001153,GBE_BIN_FC18006155,Folic acid or folate (Vitamin B9),5,5,0,2,0,0,5,0,0,0,5,0,0,1,4,20,1.9911,0,5,0,0
PGS001164,GBE_cancer1045,Testicular cancer,280,280,20,0,0,86,194,30.7143,32.5152,121,159,43.2143,49.8511,101,179,36.0714,46.1446,69,211,24.6429,31.6889
PGS001174,GBE_HC1125,Cholelithiasis (time-to-event),970,970,72,0,0,307,663,31.6495,44.2895,441,529,45.4639,60.0045,363,607,37.4227,52.0261,217,753,22.3711,30.2178
PGS001179,GBE_HC711,Vascular dementia (time-to-event),7,7,0,0,0,2,5,28.5714,71.9779,4,3,57.1429,23.748,4,3,57.1429,76.4146,4,3,57.1429,90.8717
PGS001182,GBE_BIN10030800,Estradiol [> 212 pmol/L],351,351,34,0,0,125,226,35.6125,42.669,189,162,53.8462,62.2118,152,199,43.3048,51.3771,90,261,25.641,36.46
PGS001244,GBE_BIN_FC30001727,Ease of skin tanning (get mildly or occasionally tanned),958,958,68,0,0,276,682,28.81,60.3399,399,559,41.6493,69.4128,322,636,33.6117,67.6944,202,756,21.0856,54.9022
PGS001248,GBE_HC328,Gout,880,880,70,0,0,277,603,31.4773,43.2628,397,483,45.1136,57.3098,326,554,37.0455,46.9794,171,709,19.4318,32.4163
PGS001250,GBE_HC1304,Calculus of kidney and ureter (time-to-event),341,341,31,0,0,117,224,34.3109,35.5507,165,176,48.3871,50.317,157,184,46.0411,49.3465,76,265,22.2874,25.6293
PGS001251,GBE_HC1052,Other interstitial pulmonary diseases (time-to-event),57,57,6,0,0,16,41,28.0702,19.281,24,33,42.1053,28.8869,21,36,36.8421,30.2402,9,48,15.7895,15.2593
PGS001254,GBE_HC177,Dupuytren's contracture,11,11,0,0,0,1,10,9.0909,2.7656,4,7,36.3636,18.3339,2,9,18.1818,5.5634,6,5,54.5455,24.0463
PGS001255,GBE_HC914,Otosclerosis (time-to-event),213,213,19,0,0,54,159,25.3521,34.0119,89,124,41.784,51.15,79,134,37.0892,43.2158,55,158,25.8216,26.7075
PGS001256,GBE_HC188,Gallstones,876,876,63,0,0,278,598,31.7352,44.4758,404,472,46.1187,59.2721,333,543,38.0137,51.4741,204,672,23.2877,30.0491
PGS001257,GBE_INI1737,Childhood sunburn,519,519,37,0,0,172,347,33.1407,58.079,232,287,44.7013,69.9376,201,318,38.7283,69.3193,100,419,19.2678,59.1184
PGS001258,GBE_HC57,Radius fracture,365,365,27,0,0,109,256,29.863,26.6939,166,199,45.4795,48.6403,139,226,38.0822,39.2344,80,285,21.9178,29.1046
PGS001259,GBE_HC49,Hayfever/allergic rhinitis,349,349,28,1,0,108,241,30.9456,34.1215,155,194,44.4126,42.5838,128,221,36.6762,37.8634,76,273,21.7765,30.5446
PGS001264,GBE_HC166,Deep vein thrombosis,839,839,53,0,0,244,595,29.0822,39.6955,371,468,44.2193,50.9864,307,532,36.5912,46.5944,175,664,20.8582,33.014
PGS001267,GBE_HC422,Ankylosing spondylitis,10,10,1,1,0,1,9,10,2.3606,2,8,20,3.5766,2,8,20,2.3845,7,3,70,50.2753
PGS001268,GBE_HC1242,Ankylosing spondylitis (time-to-event),10,10,1,1,0,1,9,10,1.8615,2,8,20,3.4786,2,8,20,2.729,7,3,70,54.3857
PGS001270,GBE_HC151,Multiple sclerosis,41,41,3,2,0,12,29,29.2683,11.1962,21,20,51.2195,21.6391,20,21,48.7805,21.9299,12,29,29.2683,17.3886
PGS001271,GBE_HC810,Multiple sclerosis (time-to-event),36,36,3,2,0,15,21,41.6667,12.9013,20,16,55.5556,22.3202,22,14,61.1111,21.7903,13,23,36.1111,17.9142
PGS001272,GBE_HC1302,Chronic renal failure (time-to-event),158,158,15,0,0,55,103,34.8101,29.2628,81,77,51.2658,47.0185,74,84,46.8354,43.67,36,122,22.7848,28.9582
PGS001273,GBE_HC22,Osteoporosis,316,316,30,0,0,114,202,36.0759,41.7037,170,146,53.7975,62.2119,156,160,49.3671,50.8616,79,237,25,34.8312
PGS001275,GBE_HC880,Other retinal disorders (time-to-event),6,6,1,0,0,3,3,50,73.3475,3,3,50,73.3475,3,3,50,73.3475,2,4,33.3333,71.7902
PGS001276,GBE_HC881,Retinal disorders in diseases classified elsewhere (time-to-event),185,185,18,2,0,58,127,31.3514,42.8368,76,109,41.0811,52.4685,73,112,39.4595,49.0568,39,146,21.0811,30.6767
PGS001277,GBE_HC203,PE +/- DVT,96,96,13,0,0,34,62,35.4167,50.685,50,46,52.0833,71.7357,50,46,52.0833,76.6425,29,67,30.2083,63.8388
PGS001278,GBE_BIN_FC12006152,previously: Blood clot in the leg (DVT) or lung,551,551,39,0,0,180,371,32.6679,42.2557,254,297,46.098,56.2501,209,342,37.931,52.3977,121,430,21.9601,38.6009
PGS001279,GBE_BIN_FC8006152,previously: Blood clot in the lung,94,94,14,0,0,32,62,34.0426,45.2045,42,52,44.6809,63.1946,42,52,44.6809,66.2751,26,68,27.6596,53.4107
PGS001280,GBE_HC943,PE (time-to-event),88,88,13,0,0,34,54,38.6364,49.5846,45,43,51.1364,69.8355,49,39,55.6818,76.0784,28,60,31.8182,64.6387
PGS001281,GBE_HC86,Migraine,25,25,1,0,0,12,13,48,38.9686,15,10,60,55.2671,14,11,56,45.0727,9,16,36,42.7524
PGS001282,GBE_HC815,Migraine (time-to-event),329,329,27,0,0,102,227,31.003,38.9263,146,183,44.3769,52.6235,130,199,39.5137,46.0916,67,262,20.3647,27.2245
PGS001283,GBE_INI3761,"Allergic disease (hay fever, rhinitis or eczema)",993,993,70,2,0,313,680,31.5206,32.088,443,550,44.6123,44.2576,376,617,37.8651,39.5138,212,781,21.3494,22.8371
PGS001286,GBE_BIN22126,Allergic disease (hay fever or allergic rhinitis) (diagnosed by doctor),466,466,36,0,0,164,302,35.1931,40.0247,227,239,48.7124,53.2807,194,272,41.6309,46.4527,110,356,23.6052,33.395
PGS001287,GBE_HC91,Psoriatic arthropathy,36,36,3,3,0,13,23,36.1111,33.4383,21,15,58.3333,49.7311,21,15,58.3333,44.8452,16,20,44.4444,40.6344
PGS001288,GBE_HC95,Inflammatory bowel disease,195,195,18,2,0,70,125,35.8974,43.177,93,102,47.6923,50.5139,91,104,46.6667,52.364,57,138,29.2308,37.5597
PGS001289,GBE_cancer1065,Thyroid cancer,11,11,0,0,0,4,7,36.3636,51.0231,4,7,36.3636,51.0231,4,7,36.3636,55.4985,1,10,9.0909,39.3213
PGS001290,GBE_HC376,Osteoarthritis,579,579,40,0,0,193,386,33.3333,34.3214,276,303,47.6684,47.6707,237,342,40.9326,43.1416,141,438,24.3523,26.6958
PGS001291,GBE_cancer1044,Prostate cancer,948,948,67,1,0,304,644,32.0675,42.7373,439,509,46.308,56.6591,349,599,36.8143,48.2662,217,731,22.8903,38.1884
PGS001292,GBE_FH1044,Family history of prostate cancer,602,602,49,1,0,196,406,32.5581,40.7353,275,327,45.6811,52.8257,232,370,38.5382,47.3224,141,461,23.4219,36.7035
PGS001293,GBE_HC1123,Other diseases of liver (time-to-event),92,92,10,0,0,27,65,29.3478,30.1972,37,55,40.2174,59.3514,34,58,36.9565,50.3037,18,74,19.5652,44.7027
PGS001295,GBE_HC165,Type 2 diabetes (T2D),385,385,34,0,0,125,260,32.4675,37.1125,187,198,48.5714,51.5142,156,229,40.5195,42.7157,88,297,22.8571,30.8268
PGS001296,GBE_HC648,Insulin-dependent diabetes mellitus (time-to-event),356,356,46,4,0,116,240,32.5843,39.6356,167,189,46.9101,56.2079,141,215,39.6067,44.4921,78,278,21.9101,24.6783
PGS001297,GBE_HC337,Type 1 diabetes (T1D),69,69,4,3,0,21,48,30.4348,33.0863,38,31,55.0725,55.9106,33,36,47.8261,49.5869,19,50,27.5362,34.9496
PGS001299,GBE_cancer1041,Cervical cancer,24,24,2,1,0,8,16,33.3333,24.5473,11,13,45.8333,42.8575,11,13,45.8333,31.6691,6,18,25,22.4045
PGS001300,GBE_BIN21068,"Celiac disease or gluten sensitivity, diagnosed",9,9,1,2,0,0,9,0,0,1,8,11.1111,0.39,0,9,0,0,2,7,22.2222,12.9578
PGS001301,GBE_HC303,Malabsorption/coeliac disease,428,428,39,5,0,146,282,34.1121,32.4655,204,224,47.6636,42.6021,167,261,39.0187,36.519,110,318,25.7009,30.5832
PGS001303,GBE_HC872,Other cataract (time-to-event),480,480,44,0,0,154,326,32.0833,34.1264,216,264,45,45.43,180,300,37.5,37.2164,89,391,18.5417,18.8199
PGS001304,GBE_cancer1059,Melanoma (malignant),116,116,15,0,0,44,72,37.931,49.9648,60,56,51.7241,63.9805,59,57,50.8621,65.2725,36,80,31.0345,50.1642
PGS001305,GBE_HC608,Vitamin b12 deficiency induced anemia (time-to-event),121,121,8,0,0,42,79,34.7107,46.2106,56,65,46.281,56.8498,58,63,47.9339,57.8087,34,87,28.0992,37.072
PGS001306,GBE_HC201,Ulcerative colitis,179,179,13,3,0,66,113,36.8715,39.0654,87,92,48.6034,47.7346,82,97,45.8101,45.9449,51,128,28.4916,35.6565
PGS001307,GBE_HC1102,Ulcerative colitis (time-to-event),809,809,65,3,0,248,561,30.6551,33.9495,340,469,42.0272,43.5734,297,512,36.712,40.0569,167,642,20.6428,26.0747
PGS001308,GBE_HC321,Sjogren's syndrome/sicca syndrome,7,7,0,0,0,1,6,14.2857,10.2395,2,5,28.5714,10.739,4,3,57.1429,31.5321,2,5,28.5714,35.2387
PGS001309,GBE_HC1212,Other rheumatoid arthritis (time-to-event),323,323,26,2,0,108,215,33.4365,33.509,149,174,46.13,48.251,132,191,40.8669,45.223,65,258,20.1238,27.9983
PGS001310,GBE_HC430,Rheumatoid arthritis,175,175,13,3,0,59,116,33.7143,30.3408,84,91,48,46.1949,82,93,46.8571,43.0173,42,133,24,33.4748
PGS001311,GBE_HC1211,Seropositive rheumatoid arthritis (time-to-event),3,3,0,1,0,0,3,0,0,1,2,33.3333,20.2243,0,3,0,0,1,2,33.3333,20.2243
PGS001312,GBE_HC38,Psoriasis,204,204,23,4,0,68,136,33.3333,29.3885,100,104,49.0196,39.1428,96,108,47.0588,35.747,58,146,28.4314,30.0205
PGS001313,GBE_HC1159,Psoriasis (time-to-event),578,578,51,4,0,185,393,32.0069,30.9433,266,312,46.0208,43.8866,223,355,38.5813,38.216,148,430,25.6055,29.3753
PGS001319,GBE_HC708,Other metabolic disorders (time-to-event),2,2,0,0,0,1,1,50,97.0729,1,1,50,97.0729,2,0,100,100,1,1,50,97.0729
PGS001322,GBE_HC276,Glaucoma,655,655,49,0,0,203,452,30.9924,33.0391,284,371,43.3588,44.643,239,416,36.4885,40.3635,144,511,21.9847,24.4476
PGS001326,GBE_HC431,Emphysema,42,42,4,0,0,16,26,38.0952,57.4928,20,22,47.619,62.6907,17,25,40.4762,60.9958,11,31,26.1905,51.4376
PGS001330,GBE_HC1101,Crohn's disease [regional enteritis] (time-to-event),220,220,20,1,0,76,144,34.5455,39.0219,107,113,48.6364,50.5736,105,115,47.7273,54.4695,64,156,29.0909,34.7622
PGS001331,GBE_HC322,Crohns disease,257,257,23,1,0,95,162,36.965,37.0909,127,130,49.4163,49.2228,122,135,47.4708,53.5578,71,186,27.6265,35.8194
PGS001332,GBE_HC442,Chronic obstructive pulmonary disease,482,482,48,0,0,159,323,32.9876,37.0007,209,273,43.361,46.5861,185,297,38.3817,43.5021,105,377,21.7842,25.782
PGS001333,GBE_HC1582,Chronic obstructive pulmonary disease (algorithmically-defined),569,569,39,1,0,163,406,28.6467,28.6889,244,325,42.8822,42.4339,197,372,34.6221,37.1546,102,467,17.9262,19.8399
PGS001334,GBE_HC1035,Other chronic obstructive pulmonary disease (time-to-event),498,498,48,0,0,152,346,30.5221,34.53,210,288,42.1687,43.189,174,324,34.9398,41.9467,99,399,19.8795,21.8207
PGS001336,GBE_cancer1002,Breast cancer,555,555,41,0,0,169,386,30.4505,34.3785,246,309,44.3243,44.3768,213,342,38.3784,39.5751,127,428,22.8829,34.3702
PGS001337,GBE_FH1002,Family history of breast cancer,195,195,11,0,0,65,130,33.3333,41.5137,89,106,45.641,49.5803,77,118,39.4872,44.391,48,147,24.6154,40.7583
PGS001345,GBE_BIN22127,Asthma (diagnosed by doctor),435,435,37,3,0,143,292,32.8736,31.3907,203,232,46.6667,46.3676,176,259,40.4598,42.3398,85,350,19.5402,27.1124
PGS001347,GBE_FH1263,Family history of Alzheimer's/dementia,139,139,13,0,0,46,93,33.0935,46.1389,61,78,43.8849,46.8839,57,82,41.0072,50.765,41,98,29.4964,68.2744
PGS001348,GBE_HC1584,Alzheimer's disease (algorithmically-defined),15,15,1,0,0,9,6,60,73.4249,10,5,66.6667,39.4868,9,6,60,77.3538,6,9,40,85.1152
PGS001349,GBE_HC807,Alzheimer's disease (time-to-event),6,6,0,0,0,4,2,66.6667,76.6797,5,1,83.3333,39.815,4,2,66.6667,76.6797,5,1,83.3333,98.3847
PGS001353,PRS6_PD,Parkinson's disease,6,6,0,0,0,1,5,16.6667,34.0532,3,3,50,68.0648,2,4,33.3333,59.1362,2,4,33.3333,42.9817
PGS001354,PRS12_TC,Thyroid cancer,12,12,0,0,0,1,11,8.3333,5.4048,2,10,16.6667,10.165,2,10,16.6667,10.165,3,9,25,29.2217
PGS001358,GBE_INI5116,3mm cylindrical power (R),148,148,21,0,0,45,103,30.4054,24.7773,69,79,46.6216,38.9212,59,89,39.8649,30.3803,38,110,25.6757,22.2633
PGS001361,GBE_INI5104,3mm strong meridian angle (L),976,976,68,0,0,287,689,29.4057,31.8885,428,548,43.8525,45.3869,335,641,34.3238,36.3622,187,789,19.1598,20.2788
PGS001364,GBE_INI5113,6mm cylindrical power angle (L),319,319,29,0,0,100,219,31.348,35.6387,147,172,46.0815,55.904,126,193,39.4984,45.7137,72,247,22.5705,27.7527
PGS001369,GBE_HC1090,Acute appendicitis (time-to-event),4,4,0,0,0,3,1,75,87.2211,3,1,75,87.2211,3,1,75,87.2211,1,3,25,3.8968
PGS001370,GBE_INI3786,Age asthma diagnosed,922,922,59,2,0,269,653,29.1757,28.2858,384,538,41.6486,40.8715,316,606,34.2733,36.4645,190,732,20.6074,24.0488
PGS001371,GBE_INI2976,Age diabetes diagnosed,26,26,3,2,0,9,17,34.6154,43.3688,14,12,53.8462,58.457,14,12,53.8462,52.2721,7,19,26.9231,40.4762
PGS001372,GBE_INI22146,Age hayfever or allergic rhinitis diagnosed by doctor,255,255,23,1,0,97,158,38.0392,40.0982,137,118,53.7255,58.3154,119,136,46.6667,53.1192,66,189,25.8824,29.8234
PGS001374,GBE_INI2897,Age stopped smoking,663,663,35,0,0,194,469,29.2609,26.1336,292,371,44.0422,42.0759,235,428,35.4449,33.2282,135,528,20.362,23.9583
PGS001375,GBE_INI22426,Average heart rate,243,243,18,0,0,75,168,30.8642,31.8732,98,145,40.3292,42.4319,89,154,36.6255,38.0451,51,192,20.9877,28.6163
PGS001376,GBE_INI21044,Average number of times bowels opened per day,845,845,64,0,0,254,591,30.0592,31.5698,367,478,43.432,45.2307,307,538,36.3314,38.7046,156,689,18.4615,21.9026
PGS001379,GBE_INI22427,Body surface area,850,850,71,0,0,247,603,29.0588,32.0917,384,466,45.1765,48.2458,314,536,36.9412,41.5317,189,661,22.2353,26.8611
PGS001385,GBE_INI21051,Degree bothered by headaches in the last 3 months,9,9,1,0,0,3,6,33.3333,48.1038,4,5,44.4444,50.2682,3,6,33.3333,48.1038,1,8,11.1111,25.0027
PGS001386,GBE_INI21049,Degree bothered by pain in arms/legs/joints in the past 3 months,534,534,43,0,0,163,371,30.5243,30.5337,234,300,43.8202,44.2872,202,332,37.8277,39.5128,108,426,20.2247,22.8328
PGS001387,GBE_INI21058,Degree bothered by urinary frequency/bladder irritability in the last 3 months,333,333,25,0,0,100,233,30.03,34.7437,156,177,46.8468,49.9155,130,203,39.039,44.2793,72,261,21.6216,25.5905
PGS001388,GBE_QT_FC10003476,Difficulty not smoking for 1 day,1,1,0,0,0,1,0,100,100,1,0,100,100,1,0,100,100,1,0,100,100
PGS001389,GBE_INI1319,Dried fruit intake,989,989,69,0,0,305,684,30.8392,30.7736,435,554,43.9838,45.7196,363,626,36.7037,37.6392,179,810,18.0991,18.3477
PGS001390,GBE_HC1084,Duodenal ulcer (time-to-event),220,220,24,0,0,78,142,35.4545,39.3779,106,114,48.1818,48.1325,93,127,42.2727,42.9085,41,179,18.6364,20.8891
PGS001391,GBE_INI20453,Ever taken cannabis,819,819,64,1,0,237,582,28.9377,31.3907,353,466,43.1013,44.8187,277,542,33.8217,35.3149,141,678,17.2161,17.159
PGS001392,GBE_FH1001,Family history of lung cancer,312,312,27,0,0,126,186,40.3846,48.557,160,152,51.2821,57.2421,149,163,47.7564,57.4118,80,232,25.641,32.1181
PGS001393,GBE_INI1807,Father's age at death,398,398,29,0,0,126,272,31.6583,37.717,187,211,46.9849,50.3072,152,246,38.191,42.8644,77,321,19.3467,26.4331
PGS001394,GBE_INI20414,Freq. of drinking alcohol,860,860,60,0,0,253,607,29.4186,34.1104,365,495,42.4419,42.7694,299,561,34.7674,40.1625,168,692,19.5349,24.4768
PGS001395,GBE_INI21025,Frequency of discomfort/pain in abdomen in last 3 months,256,256,25,1,0,80,176,31.25,30.3555,118,138,46.0938,48.4542,105,151,41.0156,41.9735,58,198,22.6563,23.5628
PGS001398,GBE_QT_FC1004570,Friendship satisfaction,659,659,46,0,0,200,459,30.349,31.5119,285,374,43.2473,43.6581,237,422,35.9636,40.4696,126,533,19.1199,20.0087
PGS001399,GBE_INI23002,GE / gI antigen for Varicella Zoster Virus,5,5,1,0,0,3,2,60,26.3661,3,2,60,26.3661,3,2,60,26.3661,2,3,40,26.1268
PGS001407,GBE_INI23022,HTLV-1 gag antigen for Human T-Lymphotropic Virus 1,66,66,8,3,0,24,42,36.3636,42.5021,30,36,45.4545,49.0672,33,33,50,52.5238,10,56,15.1515,13.0533
PGS001412,GBE_INI22420,LV ejection fraction,266,266,23,1,0,85,181,31.9549,34.9242,115,151,43.2331,44.2865,111,155,41.7293,45.9518,60,206,22.5564,28.5766
PGS001413,GBE_INI22423,LV stroke volume,26,26,1,0,0,9,17,34.6154,54.0615,12,14,46.1538,64.4427,13,13,50,63.1354,3,23,11.5385,22.6536
PGS001415,GBE_INI25073,Mean FA in anterior limb of internal capsule on FA skeleton (L),731,731,55,0,0,235,496,32.1477,29.3736,328,403,44.87,46.0051,277,454,37.8933,36.1633,140,591,19.1518,16.1411
PGS001417,GBE_INI25059,Mean FA in body of corpus callosum on FA skeleton,754,754,49,0,0,253,501,33.5544,33.9022,343,411,45.4907,46.9042,292,462,38.7268,41.5082,155,599,20.557,22.7718
PGS001419,GBE_INI25091,Mean FA in cingulum cingulate gyrus on FA skeleton (L),895,895,49,0,0,281,614,31.3966,31.4532,412,483,46.0335,48.5025,329,566,36.7598,38.8631,172,723,19.2179,18.8777
PGS001421,GBE_INI25093,Mean FA in cingulum hippocampus on FA skeleton (L),330,330,22,0,0,105,225,31.8182,34.8875,155,175,46.9697,48.9457,128,202,38.7879,41.9214,61,269,18.4848,16.3901
PGS001422,GBE_INI25092,Mean FA in cingulum hippocampus on FA skeleton (R),879,879,72,0,0,259,620,29.4653,30.6713,375,504,42.6621,43.799,307,572,34.9261,36.7541,179,700,20.3641,21.4952
PGS001423,GBE_INI25062,Mean FA in corticospinal tract on FA skeleton (R),342,342,23,0,0,110,232,32.1637,30.3676,141,201,41.2281,39.1951,128,214,37.4269,35.9427,71,271,20.7602,17.5838
PGS001424,GBE_INI25088,Mean FA in external capsule on FA skeleton (R),940,940,60,0,0,318,622,33.8298,36.9132,445,495,47.3404,50.7895,360,580,38.2979,44.4925,195,745,20.7447,20.4079
PGS001426,GBE_INI25061,Mean FA in fornix on FA skeleton,836,836,58,1,0,267,569,31.9378,34.4895,393,443,47.0096,46.6544,308,528,36.8421,40.0257,185,651,22.1292,20.6551
PGS001428,GBE_INI25066,Mean FA in inferior cerebellar peduncle on FA skeleton (R),946,946,56,0,0,256,690,27.0613,29.7779,402,544,42.4947,44.1683,326,620,34.4609,37.8383,193,753,20.4017,20.6302
PGS001435,GBE_INI25076,Mean FA in retrolenticular part of internal capsule on FA skeleton (R),456,456,36,0,0,153,303,33.5526,36.1023,212,244,46.4912,47.0466,195,261,42.7632,44.9403,99,357,21.7105,22.5598
PGS001438,GBE_INI25060,Mean FA in splenium of corpus callosum on FA skeleton,598,598,34,1,0,196,402,32.7759,34.0659,278,320,46.4883,47.8298,236,362,39.4649,42.3927,123,475,20.5686,21.3393
PGS001441,GBE_INI25081,Mean FA in superior corona radiata on FA skeleton (L),821,821,54,0,0,251,570,30.5725,31.4741,368,453,44.8234,44.7162,302,519,36.7844,39.3802,173,648,21.0719,21.7347
PGS001444,GBE_INI25098,Mean FA in superior fronto-occipital fasciculus on FA skeleton (R),480,480,38,0,0,159,321,33.125,37.2342,222,258,46.25,48.743,198,282,41.25,43.1689,93,387,19.375,19.7073
PGS001449,GBE_INI25100,Mean FA in uncinate fasciculus on FA skeleton (R),727,727,58,0,0,226,501,31.0867,34.5043,322,405,44.2916,48.0305,271,456,37.2765,41.2137,136,591,18.707,21.0257
PGS001452,GBE_INI25361,Mean ICVF in anterior limb of internal capsule on FA skeleton (L),870,870,72,0,0,276,594,31.7241,36.148,387,483,44.4828,48.3195,313,557,35.977,39.9781,167,703,19.1954,18.8823
PGS001461,GBE_INI25377,Mean ICVF in external capsule on FA skeleton (L),724,724,64,0,0,229,495,31.6298,34.7343,318,406,43.9227,48.0019,268,456,37.0166,42.1739,147,577,20.3039,20.0205
PGS001465,GBE_INI25349,Mean ICVF in fornix on FA skeleton,188,188,13,0,0,63,125,33.5106,41.7772,87,101,46.2766,49.4361,80,108,42.5532,48.3142,35,153,18.617,22.4571
PGS001467,GBE_INI25355,Mean ICVF in inferior cerebellar peduncle on FA skeleton (L),711,711,59,0,0,213,498,29.9578,32.0293,320,391,45.007,43.8063,257,454,36.1463,36.6724,164,547,23.0661,19.9149
PGS001469,GBE_INI25353,Mean ICVF in medial lemniscus on FA skeleton (L),246,246,18,0,0,91,155,36.9919,44.5099,119,127,48.374,54.2945,104,142,42.2764,54.2534,53,193,21.5447,21.6087
PGS001470,GBE_INI25352,Mean ICVF in medial lemniscus on FA skeleton (R),250,250,15,0,0,82,168,32.8,36.1959,116,134,46.4,47.0241,103,147,41.2,45.8193,50,200,20,19.7146
PGS001486,GBE_INI25387,Mean ICVF in superior fronto-occipital fasciculus on FA skeleton (L),402,402,31,0,0,113,289,28.1095,32.5545,167,235,41.5423,46.2257,135,267,33.5821,38.8192,67,335,16.6667,18.3609
PGS001487,GBE_INI25386,Mean ICVF in superior fronto-occipital fasciculus on FA skeleton (R),703,703,48,0,0,220,483,31.2945,31.3522,309,394,43.9545,46.1699,259,444,36.8421,39.3513,145,558,20.6259,21.2484
PGS001491,GBE_INI25389,Mean ICVF in uncinate fasciculus on FA skeleton (L),962,962,57,0,0,314,648,32.6403,37.0675,444,518,46.1538,49.7914,350,612,36.3825,39.8558,205,757,21.3098,21.7114
PGS001492,GBE_INI25388,Mean ICVF in uncinate fasciculus on FA skeleton (R),641,641,48,0,0,220,421,34.3214,39.9231,298,343,46.4899,51.7443,255,386,39.7816,45.5739,137,504,21.3729,22.924
PGS001493,GBE_INI25463,Mean ISOVF in anterior corona radiata on FA skeleton (L),393,393,29,1,0,137,256,34.8601,38.0706,187,206,47.5827,51.3754,163,230,41.4758,42.1252,68,325,17.3028,19.9858
PGS001494,GBE_INI25462,Mean ISOVF in anterior corona radiata on FA skeleton (R),116,116,10,1,0,48,68,41.3793,50.1545,65,51,56.0345,56.7922,57,59,49.1379,50.2724,29,87,25,29.343
PGS001495,GBE_INI25443,Mean ISOVF in body of corpus callosum on FA skeleton,627,627,48,0,0,212,415,33.8118,32.3015,302,325,48.1659,47.4251,246,381,39.2344,40.7809,131,496,20.8931,21.0536
PGS001496,GBE_INI25475,Mean ISOVF in cingulum cingulate gyrus on FA skeleton (L),114,114,6,1,0,39,75,34.2105,35.1226,56,58,49.1228,46.3754,49,65,42.9825,43.5745,28,86,24.5614,24.47
PGS001497,GBE_INI25474,Mean ISOVF in cingulum cingulate gyrus on FA skeleton (R),157,157,15,1,0,63,94,40.1274,44.7548,78,79,49.6815,51.5282,74,83,47.1338,47.0092,28,129,17.8344,17.9898
PGS001498,GBE_INI25473,Mean ISOVF in external capsule on FA skeleton (L),142,142,15,1,0,50,92,35.2113,34.5742,67,75,47.1831,45.9986,66,76,46.4789,46.304,29,113,20.4225,23.7539
PGS001499,GBE_INI25445,Mean ISOVF in fornix on FA skeleton,733,733,56,1,1,216,517,29.4679,30.0168,322,411,43.9291,41.4253,253,480,34.5157,36.0171,148,585,20.191,18.5567
PGS001500,GBE_INI25467,Mean ISOVF in posterior corona radiata on FA skeleton (L),466,466,41,1,0,154,312,33.0472,36.0843,213,253,45.7082,52.4193,181,285,38.8412,44.4493,98,368,21.03,23.7148
PGS001501,GBE_INI25469,Mean ISOVF in posterior thalamic radiation on FA skeleton (L),554,554,48,0,0,185,369,33.3935,33.1338,266,288,48.0144,49.8471,226,328,40.7942,42.7309,97,457,17.509,20.3189
PGS001502,GBE_INI25471,Mean ISOVF in sagittal stratum on FA skeleton (L),400,400,24,1,0,127,273,31.75,30.7865,184,216,46,44.2407,157,243,39.25,38.0471,75,325,18.75,18.8324
PGS001503,GBE_INI25470,Mean ISOVF in sagittal stratum on FA skeleton (R),709,709,51,1,0,229,480,32.299,35.1452,329,380,46.4034,46.9596,263,446,37.0945,39.113,158,551,22.2849,22.8268
PGS001504,GBE_INI25452,Mean ISOVF in superior cerebellar peduncle on FA skeleton (R),666,666,59,0,0,225,441,33.7838,32.1787,321,345,48.1982,49.4271,258,408,38.7387,39.1506,148,518,22.2222,24.727
PGS001505,GBE_INI25465,Mean ISOVF in superior corona radiata on FA skeleton (L),257,257,15,1,0,80,177,31.1284,38.3822,114,143,44.358,52.7648,99,158,38.5214,44.5666,49,208,19.0661,23.8137
PGS001506,GBE_INI25464,Mean ISOVF in superior corona radiata on FA skeleton (R),392,392,31,1,0,141,251,35.9694,37.7032,193,199,49.2347,50.1153,174,218,44.3878,43.6808,72,320,18.3673,18.4257
PGS001508,GBE_INI25029,Median T2star in caudate (R),930,930,68,1,0,285,645,30.6452,32.1588,416,514,44.7312,46.2268,337,593,36.2366,36.4775,206,724,22.1505,20.3419
PGS001509,GBE_INI25032,Median T2star in pallidum (L),942,942,81,1,0,302,640,32.0594,36.9004,441,501,46.8153,48.9764,354,588,37.5796,37.7767,189,753,20.0637,19.0891
PGS001513,GBE_INI25027,Median T2star in thalamus (R),114,114,11,0,0,39,75,34.2105,37.5433,59,55,51.7544,62.3757,52,62,45.614,51.3768,31,83,27.193,34.7179
PGS001514,GBE_INI87,Non-cancer illness year/age first occurred,273,273,19,2,0,92,181,33.6996,31.7076,129,144,47.2527,44.0735,115,158,42.1245,44.5811,75,198,27.4725,30.4832
PGS001515,GBE_INI3456,Number of cigarettes currently smoked daily (current cigarette smokers),9,9,1,0,0,3,6,33.3333,81.7531,4,5,44.4444,87.7603,5,4,55.5556,89.8938,2,7,22.2222,72.3149
PGS001516,GBE_HC1112,Other diseases of intestine (time-to-event),90,90,9,0,0,29,61,32.2222,38.8648,40,50,44.4444,47.5664,38,52,42.2222,47.3771,19,71,21.1111,24.3739
PGS001518,GBE_INI100010,Portion size,591,591,52,0,0,172,419,29.1032,28.6053,252,339,42.6396,44.0253,216,375,36.5482,38.8989,119,472,20.1354,22.5174
PGS001519,GBE_INI4199,Position of pulse wave notch,693,693,48,0,0,198,495,28.5714,30.9958,296,397,42.7128,44.1456,238,455,34.3434,37.2419,145,548,20.9235,28.1749
PGS001521,GBE_INI22330,PQ interval,391,391,24,0,0,130,261,33.2481,38.1343,171,220,43.734,50.1543,148,243,37.8517,46.6285,95,296,24.2967,38.7114
PGS001522,GBE_HC1213,Psoriatic and enteropathic arthropathies (time-to-event),17,17,1,0,0,6,11,35.2941,26.1205,10,7,58.8235,53.3282,9,8,52.9412,55.5361,8,9,47.0588,32.5975
PGS001524,GBE_INI95,Pulse rate (during blood-pressure measurement),765,765,64,0,0,234,531,30.5882,31.3253,340,425,44.4444,46.931,290,475,37.9085,40.1852,150,615,19.6078,24.1754
PGS001525,GBE_INI12340,QRS duration,401,401,45,0,0,123,278,30.6733,32.6387,174,227,43.3915,44.4433,152,249,37.9052,37.7585,99,302,24.6883,34.4279
PGS001526,GBE_INI22331,QT interval,609,609,60,0,0,201,408,33.0049,34.5636,274,335,44.9918,43.8799,230,379,37.7668,43.5363,122,487,20.0328,25.4986
PGS001527,GBE_INI22332,QTc interval (QT interval according to Bazett),115,115,7,0,0,48,67,41.7391,42.5944,60,55,52.1739,43.8273,55,60,47.8261,62.259,38,77,33.0435,43.3286
PGS001532,GBE_QT_FC10003466,Time from waking to first cigarette,86,86,6,0,0,28,58,32.5581,41.047,40,46,46.5116,53.7775,36,50,41.8605,47.3808,21,65,24.4186,32.682
PGS001533,GBE_QT_FC1004803,Tinnitus severity,343,343,28,0,0,110,233,32.07,33.0739,148,195,43.1487,47.5286,128,215,37.3178,40.5706,73,270,21.2828,23.1133
PGS001534,GBE_INI25781,Total Volume of white matter hyperintensities (from T1 and T2 FLAIR images),355,355,33,0,0,121,234,34.0845,32.9837,171,184,48.169,44.5613,139,216,39.1549,37.8162,75,280,21.1268,19.3691
PGS001535,GBE_BIN_FC20002267,Use of sun/uv protection (Sometimes),309,309,28,0,0,112,197,36.246,53.3966,150,159,48.5437,66.9426,135,174,43.6893,62.1616,63,246,20.3883,44.5964
PGS001536,GBE_HC1188,Vitiligo (time-to-event),77,77,6,2,0,27,50,35.0649,35.27,34,43,44.1558,45.4623,35,42,45.4545,46.4625,20,57,25.974,31.7088
PGS001537,GBE_INI25023,Volume of accumbens (L),647,647,47,0,0,215,432,33.2303,34.173,304,343,46.9861,48.8094,258,389,39.8764,40.7578,132,515,20.4019,20.9226
PGS001538,GBE_INI25024,Volume of accumbens (R),643,643,51,0,0,217,426,33.7481,36.6169,296,347,46.0342,47.2142,256,387,39.8134,41.0663,142,501,22.084,24.6731
PGS001546,GBE_INI25888,Volume of grey matter in Amygdala (L),115,115,10,0,0,31,84,26.9565,30.3811,45,70,39.1304,47.6965,51,64,44.3478,51.4042,17,98,14.7826,16.9892
PGS001547,GBE_INI25892,Volume of grey matter in Brain-Stem,632,632,54,0,0,201,431,31.8038,37.9548,278,354,43.9873,50.3656,235,397,37.1835,45.5026,133,499,21.0443,23.3405
PGS001548,GBE_INI25864,Volume of grey matter in Central Opercular Cortex (L),194,194,24,0,0,67,127,34.5361,40.6285,90,104,46.3918,53.3489,79,115,40.7216,49.4158,47,147,24.2268,22.6952
PGS001550,GBE_INI25838,"Volume of grey matter in Cingulate Gyrus, anterior division (L)",389,389,38,0,0,124,265,31.8766,35.117,171,218,43.9589,47.7055,150,239,38.5604,41.0474,72,317,18.509,20.5955
PGS001551,GBE_INI25839,"Volume of grey matter in Cingulate Gyrus, anterior division (R)",244,244,21,0,0,87,157,35.6557,37.9842,116,128,47.541,49.9349,104,140,42.623,43.5015,55,189,22.541,24.8161
PGS001552,GBE_INI25841,"Volume of grey matter in Cingulate Gyrus, posterior division (R)",652,652,49,0,0,205,447,31.4417,32.2197,297,355,45.5521,46.9817,233,419,35.7362,37.2308,123,529,18.865,20.7611
PGS001556,GBE_INI25845,Volume of grey matter in Cuneal Cortex (R),930,930,66,1,0,286,644,30.7527,32.5655,414,516,44.5161,46.8574,338,592,36.3441,38.1787,187,743,20.1075,22.688
PGS001557,GBE_INI25862,Volume of grey matter in Frontal Operculum Cortex (L),804,804,37,1,0,259,545,32.2139,33.5664,379,425,47.1393,48.4752,308,496,38.3085,38.8891,161,643,20.0249,21.2203
PGS001558,GBE_INI25846,Volume of grey matter in Frontal Orbital Cortex (L),826,826,59,1,0,286,540,34.6247,36.0783,377,449,45.6416,47.2391,318,508,38.4988,40.3714,167,659,20.2179,23.3112
PGS001559,GBE_INI25847,Volume of grey matter in Frontal Orbital Cortex (R),592,592,36,0,0,203,389,34.2905,36.4805,272,320,45.9459,49.6838,226,366,38.1757,39.7057,134,458,22.6351,27.6499
PGS001565,GBE_INI25893,Volume of grey matter in I-IV Cerebellum (L),775,775,64,0,0,248,527,32,34.9061,353,422,45.5484,48.8483,287,488,37.0323,39.7508,139,636,17.9355,18.5445
PGS001566,GBE_INI25894,Volume of grey matter in I-IV Cerebellum (R),612,612,51,0,0,183,429,29.902,35.7698,275,337,44.9346,50.8257,225,387,36.7647,42.2281,120,492,19.6078,22.1149
PGS001567,GBE_INI25791,"Volume of grey matter in Inferior Frontal Gyrus, pars triangularis (R)",697,697,47,0,0,214,483,30.703,31.6717,324,373,46.4849,48.2718,252,445,36.1549,36.2011,150,547,21.5208,21.3267
PGS001568,GBE_INI25810,"Volume of grey matter in Inferior Temporal Gyrus, posterior division (L)",288,288,17,0,0,101,187,35.0694,34.3575,134,154,46.5278,44.0222,117,171,40.625,40.4443,51,237,17.7083,16.8684
PGS001575,GBE_INI25825,"Volume of grey matter in Lateral Occipital Cortex, superior division (R)",581,581,40,0,0,199,382,34.2513,33.8258,267,314,45.9552,46.5247,226,355,38.8985,40.3081,127,454,21.8589,20.5878
PGS001576,GBE_INI25853,Volume of grey matter in Lingual Gyrus (R),781,781,59,0,0,218,563,27.9129,30.2965,313,468,40.0768,43.8111,265,516,33.9309,38.2169,151,630,19.3342,21.3896
PGS001577,GBE_INI25788,Volume of grey matter in Middle Frontal Gyrus (L),369,369,27,0,0,119,250,32.2493,37.3227,172,197,46.6125,50.9402,149,220,40.3794,46.1789,70,299,18.9702,25.5943
PGS001578,GBE_INI25789,Volume of grey matter in Middle Frontal Gyrus (R),489,489,37,0,0,154,335,31.4928,35.2123,215,274,43.9673,46.8014,182,307,37.2188,40.4962,112,377,22.9039,26.4122
PGS001580,GBE_INI25860,Volume of grey matter in Occipital Fusiform Gyrus (L),235,235,18,0,0,76,159,32.3404,36.738,106,129,45.1064,50.0613,92,143,39.1489,43.0806,59,176,25.1064,29.5603
PGS001582,GBE_INI25837,Volume of grey matter in Paracingulate Gyrus (R),145,145,13,0,0,50,95,34.4828,41.3545,70,75,48.2759,52.8691,65,80,44.8276,50.5113,32,113,22.069,24.6542
PGS001588,GBE_INI25869,Volume of grey matter in Planum Polare (R),989,989,69,0,0,301,688,30.4348,31.4545,425,564,42.9727,43.9471,338,651,34.1759,35.837,182,807,18.4024,18.0199
PGS001590,GBE_INI25794,Volume of grey matter in Precentral Gyrus (L),318,318,27,0,0,101,217,31.761,32.5831,153,165,48.1132,45.1431,115,203,36.1635,34.1201,65,253,20.4403,24.3262
PGS001593,GBE_INI25882,Volume of grey matter in Putamen (L),274,274,27,0,0,98,176,35.7664,49.7395,132,142,48.1752,60.3866,115,159,41.9708,55.5777,66,208,24.0876,18.4076
PGS001594,GBE_INI25883,Volume of grey matter in Putamen (R),562,562,49,0,0,172,390,30.605,42.1977,241,321,42.8826,53.2757,205,357,36.4769,46.3793,118,444,20.9964,19.7618
PGS001598,GBE_INI25787,Volume of grey matter in Superior Frontal Gyrus (R),5,5,0,0,0,2,3,40,19.4391,2,3,40,19.4391,2,3,40,19.4391,1,4,20,52.7759
PGS001599,GBE_INI25798,"Volume of grey matter in Superior Temporal Gyrus, anterior division (L)",728,728,56,0,0,233,495,32.0055,33.6884,335,393,46.0165,46.7443,276,452,37.9121,42.0797,174,554,23.9011,24.3397
PGS001600,GBE_INI25800,"Volume of grey matter in Superior Temporal Gyrus, posterior division (L)",530,530,28,0,0,172,358,32.4528,33.298,254,276,47.9245,47.52,198,332,37.3585,37.0735,113,417,21.3208,17.5811
PGS001601,GBE_INI25874,Volume of grey matter in Supracalcarine Cortex (L),446,446,49,0,0,140,306,31.3901,38.0024,210,236,47.0852,56.4589,166,280,37.2197,44.5727,96,350,21.5247,23.8488
PGS001602,GBE_INI25875,Volume of grey matter in Supracalcarine Cortex (R),527,527,49,0,0,163,364,30.9298,34.9598,245,282,46.4896,53.563,193,334,36.6224,41.9635,103,424,19.5446,23.3077
PGS001603,GBE_INI25854,"Volume of grey matter in Temporal Fusiform Cortex, anterior division (L)",264,264,26,0,0,86,178,32.5758,32.0375,122,142,46.2121,48.8281,104,160,39.3939,40.5339,72,192,27.2727,28.3946
PGS001609,GBE_INI25879,Volume of grey matter in Thalamus (R),885,885,77,0,0,263,622,29.7175,32.1701,395,490,44.6328,47.5422,321,564,36.2712,41.4315,158,727,17.8531,22.7886
PGS001611,GBE_INI25896,Volume of grey matter in V Cerebellum (R),184,184,13,0,0,70,114,38.0435,46.0393,102,82,55.4348,61.9956,85,99,46.1957,48.2699,46,138,25,24.3464
PGS001612,GBE_INI25890,Volume of grey matter in Ventral Striatum (L),687,687,52,0,0,228,459,33.1878,41.6085,325,362,47.3071,51.5875,280,407,40.7569,47.7839,150,537,21.8341,20.3816
PGS001613,GBE_INI25891,Volume of grey matter in Ventral Striatum (R),221,221,18,0,0,85,136,38.4615,55.2773,107,114,48.4163,61.1377,101,120,45.7014,57.617,55,166,24.8869,22.3313
PGS001614,GBE_INI25904,Volume of grey matter in Vermis Crus II Cerebellum,837,837,54,0,0,239,598,28.5544,27.2145,348,489,41.5771,40.6163,289,548,34.5281,34.7954,175,662,20.908,17.3383
PGS001616,GBE_INI25898,Volume of grey matter in Vermis VI Cerebellum,612,612,44,0,0,205,407,33.4967,34.3006,279,333,45.5882,44.2034,223,389,36.4379,36.6651,131,481,21.4052,21.3626
PGS001617,GBE_INI25907,Volume of grey matter in Vermis VIIb Cerebellum,718,718,53,0,0,225,493,31.337,32.1846,312,406,43.454,43.809,269,449,37.4652,38.0139,135,583,18.8022,19.8781
PGS001618,GBE_INI25910,Volume of grey matter in Vermis VIIIa Cerebellum,776,776,51,0,0,242,534,31.1856,31.6421,319,457,41.1082,43.195,260,516,33.5052,36.0688,165,611,21.2629,18.2103
PGS001620,GBE_INI25919,Volume of grey matter in Vermis X Cerebellum,636,636,45,0,0,192,444,30.1887,36.1466,272,364,42.7673,50.1691,234,402,36.7925,45.0096,147,489,23.1132,24.9857
PGS001621,GBE_INI25897,Volume of grey matter in VI Cerebellum (L),902,902,65,0,0,270,632,29.9335,33.3772,402,500,44.5676,48.1113,315,587,34.9224,37.5435,177,725,19.6231,21.2728
PGS001622,GBE_INI25899,Volume of grey matter in VI Cerebellum (R),513,513,46,0,0,168,345,32.7485,34.9949,240,273,46.7836,49.3347,184,329,35.8674,38.5205,117,396,22.807,23.2295
PGS001623,GBE_INI25906,Volume of grey matter in VIIb Cerebellum (L),649,649,52,0,0,193,456,29.7381,25.3925,286,363,44.0678,41.4186,235,414,36.2096,34.6684,136,513,20.9553,19.1407
PGS001624,GBE_INI25908,Volume of grey matter in VIIb Cerebellum (R),673,673,55,0,0,179,494,26.5973,25.5232,270,403,40.1189,41.6638,221,452,32.838,32.8169,127,546,18.8707,20.5113
PGS001625,GBE_INI25909,Volume of grey matter in VIIIa Cerebellum (L),500,500,42,0,0,148,352,29.6,30.8039,222,278,44.4,47.3304,172,328,34.4,38.6895,107,393,21.4,21.6897
PGS001626,GBE_INI25911,Volume of grey matter in VIIIa Cerebellum (R),694,694,65,0,0,206,488,29.683,28.4059,290,404,41.7867,42.3321,237,457,34.1499,35.4503,131,563,18.8761,18.9996
PGS001627,GBE_INI25912,Volume of grey matter in VIIIb Cerebellum (L),819,819,65,0,0,261,558,31.8681,35.4531,373,446,45.5433,48.5174,289,530,35.2869,39.5806,170,649,20.757,20.4169
PGS001629,GBE_INI25920,Volume of grey matter in X Cerebellum (R),950,950,71,0,0,299,651,31.4737,32.6762,438,512,46.1053,49.3412,332,618,34.9474,38.9404,186,764,19.5789,19.9155
PGS001630,GBE_INI25019,Volume of hippocampus (L),442,442,34,0,0,149,293,33.7104,33.8561,208,234,47.0588,47.2287,176,266,39.819,42.8271,75,367,16.9683,18.4018
PGS001632,GBE_INI25018,Volume of pallidum (R),303,303,23,1,0,79,224,26.0726,21.734,130,173,42.9043,48.5112,106,197,34.9835,38.2677,60,243,19.802,24.656
PGS001635,GBE_INI25015,Volume of putamen (L),747,747,60,0,0,225,522,30.1205,32.1837,318,429,42.5703,44.1652,260,487,34.8059,35.0635,148,599,19.8126,20.1102
PGS001639,GBE_INI25004,Volume of ventricular cerebrospinal fluid,772,772,61,0,0,214,558,27.7202,30.8327,327,445,42.3575,43.6641,260,512,33.6788,36.6037,146,626,18.9119,20.9924
PGS001644,GBE_INI25489,WA FA in tract acoustic radiation (R),826,826,60,0,0,254,572,30.7506,28.9089,366,460,44.3099,42.8802,297,529,35.9564,33.9499,167,659,20.2179,21.1222
PGS001645,GBE_INI25490,WA FA in tract anterior thalamic radiation (L),379,379,27,0,0,123,256,32.4538,35.7127,180,199,47.4934,51.8029,153,226,40.3694,42.4892,91,288,24.0106,22.9787
PGS001646,GBE_INI25491,WA FA in tract anterior thalamic radiation (R),726,726,50,0,0,215,511,29.6143,31.3031,310,416,42.6997,47.2088,272,454,37.4656,40.187,136,590,18.7328,20.1931
PGS001647,GBE_INI25492,WA FA in tract cingulate gyrus part of cingulum (L),773,773,55,0,0,243,530,31.436,33.5276,337,436,43.5964,45.4635,276,497,35.705,37.9503,144,629,18.6287,19.3138
PGS001648,GBE_INI25493,WA FA in tract cingulate gyrus part of cingulum (R),702,702,44,0,0,208,494,29.6296,30.5617,324,378,46.1538,47.6121,261,441,37.1795,37.4312,147,555,20.9402,18.6396
PGS001649,GBE_INI25497,WA FA in tract corticospinal tract (R),60,60,3,0,0,21,39,35,38.0099,27,33,45,47.1163,28,32,46.6667,41.2808,16,44,26.6667,20.7448
PGS001652,GBE_INI25500,WA FA in tract inferior fronto-occipital fasciculus (L),597,597,50,1,0,199,398,33.3333,34.8949,281,316,47.0687,46.7279,239,358,40.0335,43.4172,125,472,20.938,21.2788
PGS001654,GBE_INI25502,WA FA in tract inferior longitudinal fasciculus (L),709,709,56,0,0,240,469,33.8505,34.9077,342,367,48.237,49.3685,271,438,38.2228,42.5272,142,567,20.0282,21.1096
PGS001655,GBE_INI25503,WA FA in tract inferior longitudinal fasciculus (R),767,767,67,0,0,243,524,31.6819,34.1037,336,431,43.807,44.7647,293,474,38.2008,42.6433,153,614,19.9478,20.5448
PGS001659,GBE_INI25513,WA FA in tract uncinate fasciculus (L),187,187,19,0,0,59,128,31.5508,37.1485,87,100,46.5241,48.5102,77,110,41.1765,48.0495,41,146,21.9251,15.8048
PGS001660,GBE_INI25514,WA FA in tract uncinate fasciculus (R),205,205,20,0,0,78,127,38.0488,43.5165,107,98,52.1951,51.6633,97,108,47.3171,52.4439,44,161,21.4634,15.3341
PGS001662,GBE_INI25651,WA ICVF in tract acoustic radiation (R),979,979,63,0,0,312,667,31.8693,34.2054,439,540,44.8417,48.0762,355,624,36.2615,40.4605,214,765,21.859,21.1667
PGS001663,GBE_INI25652,WA ICVF in tract anterior thalamic radiation (L),817,817,61,0,0,249,568,30.4774,31.8402,351,466,42.9621,43.4171,297,520,36.3525,38.1748,170,647,20.8078,20.1708
PGS001664,GBE_INI25653,WA ICVF in tract anterior thalamic radiation (R),791,791,63,0,0,246,545,31.0999,32.479,355,436,44.8799,44.3116,301,490,38.0531,38.2495,165,626,20.8597,19.948
PGS001666,GBE_INI25655,WA ICVF in tract cingulate gyrus part of cingulum (R),998,998,72,0,0,284,714,28.4569,32.2115,420,578,42.0842,46.4914,346,652,34.6693,38.8553,211,787,21.1423,21.1192
PGS001668,GBE_INI25659,WA ICVF in tract corticospinal tract (R),310,310,18,1,0,98,212,31.6129,36.3786,149,161,48.0645,48.5872,124,186,40,43.2013,71,239,22.9032,21.4017
PGS001675,GBE_INI25667,WA ICVF in tract medial lemniscus (L),663,663,51,0,0,216,447,32.5792,37.2074,311,352,46.908,49.0646,252,411,38.009,41.2076,132,531,19.9095,21.3143
PGS001676,GBE_INI25668,WA ICVF in tract medial lemniscus (R),600,600,49,1,0,195,405,32.5,37.5652,269,331,44.8333,50.2741,219,381,36.5,41.7113,118,482,19.6667,19.1094
PGS001677,GBE_INI25666,WA ICVF in tract middle cerebellar peduncle,512,512,37,0,0,168,344,32.8125,36.5494,233,279,45.5078,47.4911,205,307,40.0391,43.0841,102,410,19.9219,21.9746
PGS001678,GBE_INI25656,WA ICVF in tract parahippocampal part of cingulum (L),449,449,31,1,0,157,292,34.9666,40.9248,213,236,47.4388,52.2503,188,261,41.8708,44.1726,102,347,22.7171,21.6797
PGS001679,GBE_INI25657,WA ICVF in tract parahippocampal part of cingulum (R),955,955,70,1,0,286,669,29.9476,31.7403,416,539,43.5602,44.6776,336,619,35.1832,36.7471,196,759,20.5236,20.6247
PGS001686,GBE_INI25675,WA ICVF in tract uncinate fasciculus (L),136,136,16,0,0,50,86,36.7647,41.7091,67,69,49.2647,49.8914,60,76,44.1176,46.8174,35,101,25.7353,14.6979
PGS001687,GBE_INI25676,WA ICVF in tract uncinate fasciculus (R),837,837,74,0,0,261,576,31.1828,35.8194,356,481,42.5329,45.7473,312,525,37.276,40.2267,172,665,20.5496,19.1292
PGS001688,GBE_INI25704,WA ISOVF in tract acoustic radiation (L),231,231,19,0,0,72,159,31.1688,35.3581,110,121,47.619,50.1067,85,146,36.7965,39.9031,54,177,23.3766,24.3337
PGS001689,GBE_INI25705,WA ISOVF in tract acoustic radiation (R),725,725,60,1,0,226,499,31.1724,34.7722,303,422,41.7931,45.4023,247,478,34.069,38.7585,137,588,18.8966,21.6153
PGS001690,GBE_INI25707,WA ISOVF in tract anterior thalamic radiation (R),130,130,9,1,0,42,88,32.3077,34.7837,60,70,46.1538,48.1152,51,79,39.2308,37.3631,29,101,22.3077,25.2383
PGS001691,GBE_INI25708,WA ISOVF in tract cingulate gyrus part of cingulum (L),477,477,30,1,0,141,336,29.5597,30.5034,199,278,41.7191,43.3608,173,304,36.2683,40.7156,81,396,16.9811,16.9871
PGS001692,GBE_INI25709,WA ISOVF in tract cingulate gyrus part of cingulum (R),245,245,19,1,0,76,169,31.0204,32.4381,98,147,40,39.3051,93,152,37.9592,35.1802,47,198,19.1837,21.1613
PGS001697,GBE_INI25724,WA ISOVF in tract posterior thalamic radiation (R),72,72,8,0,0,25,47,34.7222,38.8522,35,37,48.6111,54.6497,30,42,41.6667,41.0907,12,60,16.6667,23.6887
PGS001698,GBE_INI25725,WA ISOVF in tract superior longitudinal fasciculus (L),695,695,47,1,0,228,467,32.8058,31.1549,324,371,46.6187,45.933,274,421,39.4245,40.2799,145,550,20.8633,18.9422
PGS001699,GBE_INI25726,WA ISOVF in tract superior longitudinal fasciculus (R),197,197,14,1,0,69,128,35.0254,37.0358,95,102,48.2234,50.6865,89,108,45.1777,46.9424,36,161,18.2741,19.9245
PGS001700,GBE_INI25727,WA ISOVF in tract superior thalamic radiation (L),538,538,37,1,0,173,365,32.1561,35.0212,242,296,44.9814,49.9433,196,342,36.4312,40.8077,107,431,19.8885,22.4197
PGS001701,GBE_INI25728,WA ISOVF in tract superior thalamic radiation (R),174,174,13,1,0,52,122,29.8851,34.5163,74,100,42.5287,44.6509,66,108,37.931,39.0928,36,138,20.6897,23.0874
PGS001702,GBE_INI25729,WA ISOVF in tract uncinate fasciculus (L),385,385,28,1,0,125,260,32.4675,31.1857,173,212,44.9351,41.9608,145,240,37.6623,35.3147,78,307,20.2597,20.539
PGS001703,GBE_INI25730,WA ISOVF in tract uncinate fasciculus (R),83,83,7,0,0,34,49,40.9639,35.1539,42,41,50.6024,43.5716,39,44,46.988,43.2858,21,62,25.3012,14.9965
PGS001704,GBE_INI25580,WA L1 in tract forceps minor,514,514,42,0,0,173,341,33.6576,35.5207,245,269,47.6654,48.1591,194,320,37.7432,38.66,96,418,18.677,16.6259
PGS001705,GBE_INI25581,WA L1 in tract inferior fronto-occipital fasciculus (L),547,547,38,0,0,170,377,31.0786,33.6703,251,296,45.8867,48.5025,200,347,36.5631,41.1008,110,437,20.1097,22.6635
PGS001706,GBE_INI25582,WA L1 in tract inferior fronto-occipital fasciculus (R),322,322,22,0,0,109,213,33.8509,38.7787,146,176,45.3416,49.4814,124,198,38.5093,46.4746,78,244,24.2236,24.2778
PGS001707,GBE_INI25583,WA L1 in tract inferior longitudinal fasciculus (L),499,499,44,0,0,156,343,31.2625,32.8314,230,269,46.0922,47.2499,187,312,37.4749,40.7132,100,399,20.0401,20.7651
PGS001708,GBE_INI25584,WA L1 in tract inferior longitudinal fasciculus (R),316,316,32,0,0,97,219,30.6962,34.9121,142,174,44.9367,46.9534,124,192,39.2405,44.046,72,244,22.7848,24.2972
PGS001710,GBE_INI25591,WA L1 in tract superior longitudinal fasciculus (R),534,534,42,0,0,172,362,32.2097,35.934,228,306,42.6966,46.5569,197,337,36.8914,41.8334,114,420,21.3483,21.1886
PGS001711,GBE_INI25592,WA L1 in tract superior thalamic radiation (L),457,457,34,0,0,147,310,32.1663,31.0842,209,248,45.733,45.6557,177,280,38.7309,39.6085,84,373,18.3807,19.7652
PGS001712,GBE_INI25593,WA L1 in tract superior thalamic radiation (R),358,358,27,0,0,109,249,30.4469,29.5806,161,197,44.9721,41.7831,135,223,37.7095,38.1397,63,295,17.5978,20.6072
PGS001713,GBE_INI25594,WA L1 in tract uncinate fasciculus (L),173,173,12,0,0,51,122,29.4798,39.263,72,101,41.6185,47.6561,61,112,35.2601,44.4039,24,149,13.8728,17.6911
PGS001714,GBE_INI25597,WA L2 in tract acoustic radiation (R),993,993,75,0,0,300,693,30.2115,34.231,418,575,42.0947,45.3053,349,644,35.146,38.7469,190,803,19.1339,20.5169
PGS001715,GBE_INI25598,WA L2 in tract anterior thalamic radiation (L),170,170,21,1,0,50,120,29.4118,31.2257,82,88,48.2353,47.8696,70,100,41.1765,42.2374,41,129,24.1176,22.3331
PGS001716,GBE_INI25599,WA L2 in tract anterior thalamic radiation (R),290,290,28,0,0,86,204,29.6552,30.188,137,153,47.2414,45.826,112,178,38.6207,39.0662,70,220,24.1379,22.2466
PGS001717,GBE_INI25600,WA L2 in tract cingulate gyrus part of cingulum (L),82,82,6,0,0,30,52,36.5854,40.2366,41,41,50,52.3933,33,49,40.2439,41.9998,21,61,25.6098,22.4263
PGS001718,GBE_INI25601,WA L2 in tract cingulate gyrus part of cingulum (R),305,305,18,0,0,99,206,32.459,35.2419,143,162,46.8852,49.4183,125,180,40.9836,44.8581,64,241,20.9836,17.6835
PGS001719,GBE_INI25606,WA L2 in tract forceps major,924,924,68,0,0,276,648,29.8701,29.8438,402,522,43.5065,43.2879,323,601,34.9567,34.9833,187,737,20.2381,21.6164
PGS001721,GBE_INI25608,WA L2 in tract inferior fronto-occipital fasciculus (L),691,691,53,0,0,204,487,29.5224,30.5098,282,409,40.8104,40.5854,237,454,34.2981,36.2067,146,545,21.1288,19.5634
PGS001722,GBE_INI25609,WA L2 in tract inferior fronto-occipital fasciculus (R),814,814,69,0,0,247,567,30.344,28.6521,345,469,42.3833,39.567,279,535,34.2752,34.1842,185,629,22.7273,20.9016
PGS001723,GBE_INI25610,WA L2 in tract inferior longitudinal fasciculus (L),711,711,54,0,0,216,495,30.3797,32.5698,306,405,43.038,43.475,259,452,36.4276,39.0467,148,563,20.8158,21.6365
PGS001724,GBE_INI25611,WA L2 in tract inferior longitudinal fasciculus (R),793,793,58,0,0,242,551,30.517,31.8548,342,451,43.1274,42.5553,293,500,36.9483,39.8174,176,617,22.1942,20.9206
PGS001726,GBE_INI25619,WA L2 in tract superior thalamic radiation (L),683,683,56,0,0,227,456,33.2357,36.9619,310,373,45.388,48.4526,274,409,40.1171,45.0564,137,546,20.0586,22.3144
PGS001727,GBE_INI25621,WA L2 in tract uncinate fasciculus (L),709,709,48,0,0,220,489,31.0296,34.7577,302,407,42.5952,45.2658,254,455,35.8251,40.5511,132,577,18.6178,18.9168
PGS001728,GBE_INI25622,WA L2 in tract uncinate fasciculus (R),706,706,52,0,0,226,480,32.0113,36.108,329,377,46.6006,50.759,274,432,38.8102,42.4379,148,558,20.9632,20.4406
PGS001729,GBE_INI25624,WA L3 in tract acoustic radiation (R),794,794,53,0,0,240,554,30.2267,33.8348,347,447,43.7028,45.296,279,515,35.1385,39.1182,160,634,20.1511,22.0289
PGS001730,GBE_INI25625,WA L3 in tract anterior thalamic radiation (L),200,200,19,0,0,56,144,28,32.4964,90,110,45,49.4652,79,121,39.5,43.6428,46,154,23,20.6256
PGS001731,GBE_INI25626,WA L3 in tract anterior thalamic radiation (R),432,432,47,0,0,128,304,29.6296,30.8984,197,235,45.6019,48.225,168,264,38.8889,40.9225,102,330,23.6111,21.9574
PGS001735,GBE_INI25635,WA L3 in tract inferior fronto-occipital fasciculus (L),945,945,83,0,0,295,650,31.2169,30.2253,411,534,43.4921,41.8525,353,592,37.3545,37.1516,193,752,20.4233,19.198
PGS001736,GBE_INI25636,WA L3 in tract inferior fronto-occipital fasciculus (R),864,864,69,0,0,281,583,32.5231,30.5294,390,474,45.1389,41.0754,320,544,37.037,36.9189,192,672,22.2222,21.2113
PGS001737,GBE_INI25637,WA L3 in tract inferior longitudinal fasciculus (L),919,919,76,0,0,260,659,28.2916,30.0977,376,543,40.914,42.2578,321,598,34.9293,37.4605,199,720,21.654,21.1186
PGS001738,GBE_INI25638,WA L3 in tract inferior longitudinal fasciculus (R),825,825,65,0,0,253,572,30.6667,32.1325,368,457,44.6061,43.897,316,509,38.303,39.4044,182,643,22.0606,20.2614
PGS001740,GBE_INI25646,WA L3 in tract superior thalamic radiation (L),855,855,76,0,0,270,585,31.5789,34.0868,388,467,45.3801,48.8863,321,534,37.5439,42.3868,173,682,20.2339,21.7246
PGS001742,GBE_INI25648,WA L3 in tract uncinate fasciculus (L),755,755,48,0,0,239,516,31.6556,34.9992,321,434,42.5166,44.8857,275,480,36.4238,39.8856,153,602,20.2649,19.4554
PGS001744,GBE_INI25516,WA MD in tract acoustic radiation (R),315,315,27,0,0,111,204,35.2381,42.415,141,174,44.7619,50.6862,121,194,38.4127,46.1135,70,245,22.2222,22.8139
PGS001745,GBE_INI25517,WA MD in tract anterior thalamic radiation (L),171,171,16,1,0,52,119,30.4094,31.9317,85,86,49.7076,47.28,68,103,39.7661,42.6213,43,128,25.1462,20.3361
PGS001746,GBE_INI25519,WA MD in tract cingulate gyrus part of cingulum (L),296,296,20,0,0,102,194,34.4595,41.6425,137,159,46.2838,49.7958,121,175,40.8784,48.1203,74,222,25,21.9032
PGS001747,GBE_INI25520,WA MD in tract cingulate gyrus part of cingulum (R),767,767,57,0,0,246,521,32.073,37.8522,346,421,45.1108,49.3962,279,488,36.3755,42.7342,153,614,19.9478,20.9475
PGS001748,GBE_INI25525,WA MD in tract forceps major,209,209,15,0,0,72,137,34.4498,35.3697,104,105,49.7608,46.6499,88,121,42.1053,42.5901,59,150,28.2297,29.0727
PGS001750,GBE_INI25527,WA MD in tract inferior fronto-occipital fasciculus (L),813,813,64,0,0,234,579,28.7823,28.4495,344,469,42.3124,40.8497,284,529,34.9323,35.7642,175,638,21.5252,19.327
PGS001751,GBE_INI25528,WA MD in tract inferior fronto-occipital fasciculus (R),702,702,51,0,0,220,482,31.339,31.6724,295,407,42.0228,41.7037,246,456,35.0427,37.4001,160,542,22.792,21.3524
PGS001752,GBE_INI25529,WA MD in tract inferior longitudinal fasciculus (L),572,572,50,0,0,176,396,30.7692,33.1103,258,314,45.1049,44.7311,218,354,38.1119,40.6882,135,437,23.6014,21.3028
PGS001753,GBE_INI25530,WA MD in tract inferior longitudinal fasciculus (R),975,975,73,0,0,309,666,31.6923,32.6155,431,544,44.2051,44.0575,364,611,37.3333,39.2637,222,753,22.7692,22.2111
PGS001755,GBE_INI25538,WA MD in tract superior thalamic radiation (L),610,610,47,0,0,196,414,32.1311,34.3552,283,327,46.3934,49.6588,242,368,39.6721,44.7856,118,492,19.3443,19.6757
PGS001756,GBE_INI25539,WA MD in tract superior thalamic radiation (R),96,96,12,0,0,30,66,31.25,26.467,45,51,46.875,37.4493,46,50,47.9167,43.4839,20,76,20.8333,17.5207
PGS001757,GBE_INI25540,WA MD in tract uncinate fasciculus (L),872,872,62,0,0,273,599,31.3073,33.0877,381,491,43.6927,43.037,312,560,35.7798,37.601,182,690,20.8716,18.5606
PGS001760,GBE_INI25560,WA MO in tract medial lemniscus (R),258,258,25,0,0,92,166,35.6589,35.8858,119,139,46.124,49.5236,103,155,39.9225,43.6758,55,203,21.3178,22.1539
PGS001761,GBE_INI25558,WA MO in tract middle cerebellar peduncle,47,47,8,0,0,14,33,29.7872,31.101,21,26,44.6809,40.2323,17,30,36.1702,33.8565,14,33,29.7872,23.3441
PGS001762,GBE_INI25561,WA MO in tract posterior thalamic radiation (L),721,721,63,0,0,237,484,32.871,32.2623,327,394,45.3537,45.365,267,454,37.0319,38.2277,133,588,18.4466,17.5256
PGS001763,GBE_INI25562,WA MO in tract posterior thalamic radiation (R),342,342,22,0,0,111,231,32.4561,32.8331,151,191,44.152,41.5293,127,215,37.1345,37.8244,73,269,21.345,19.1938
PGS001764,GBE_INI25563,WA MO in tract superior longitudinal fasciculus (L),961,961,49,0,0,299,662,31.1134,32.4752,431,530,44.8491,46.267,338,623,35.1717,35.808,187,774,19.4589,21.4089
PGS001766,GBE_INI25685,WA OD in tract corticospinal tract (L),1,1,0,0,0,1,0,100,100,1,0,100,100,1,0,100,100,1,0,100,100
PGS001767,GBE_INI25692,WA OD in tract inferior longitudinal fasciculus (R),378,378,34,0,0,135,243,35.7143,40.0601,181,197,47.8836,51.2512,151,227,39.9471,44.8273,81,297,21.4286,20.53
PGS001768,GBE_INI25694,WA OD in tract medial lemniscus (L),297,297,23,0,0,101,196,34.0067,36.8795,141,156,47.4747,49.4871,122,175,41.0774,40.3662,70,227,23.569,30.9122
PGS001770,GBE_INI25699,WA OD in tract superior longitudinal fasciculus (R),726,726,40,0,0,236,490,32.5069,32.3446,340,386,46.832,47.7937,262,464,36.0882,36.6987,144,582,19.8347,19.1827
PGS001772,GBE_INI23005,ZEBRA antigen for Epstein-Barr Virus,158,158,20,2,0,48,110,30.3797,28.7387,73,85,46.2025,45.3624,64,94,40.5063,42.2891,44,114,27.8481,28.1361
PGS001773,PRS_atopicDermatitis,Moderate-to-severe atopic dermatitis,25,25,3,0,0,7,18,28,31.5693,9,16,36,38.6202,5,20,20,21.2087,1,24,4,4.3344
PGS001774,PRS12_PD,Parkinson's disease,12,12,2,0,0,9,3,75,77.0977,9,3,75,77.0977,9,3,75,77.0977,7,5,58.3333,56.59
PGS001775,PRS39_AD,Alzheimer's disease,39,39,2,0,0,7,32,17.9487,10.2969,11,28,28.2051,18.9189,9,30,23.0769,35.6871,13,26,33.3333,44.5565
PGS001776,PRS45_CC,Colorectal cancer,45,45,5,0,0,27,18,60,63.6477,32,13,71.1111,73.1331,28,17,62.2222,65.4053,33,12,73.3333,71.0883
PGS001777,3-SNP_cirr,Cirrhosis (alcohol related),3,3,0,0,0,0,3,0,0,2,1,66.6667,74.8209,1,2,33.3333,44.2257,3,0,100,100
PGS001778,PRS15_BC,Breast cancer,15,15,0,0,0,13,2,86.6667,91.9277,15,0,100,100,15,0,100,100,15,0,100,100
PGS001779,BRSprs,Brugada syndrome,21,21,4,0,0,1,20,4.7619,5.806,4,17,19.0476,21.2832,2,19,9.5238,16.4464,3,18,14.2857,15.4772
PGS001806,portability-PLR_187.2,Malignant neoplasm of testis,231,231,0,0,0,117,114,50.6494,50.8144,162,69,70.1299,70.5004,110,121,47.619,53.417,44,187,19.0476,31.13
PGS001807,portability-PLR_189.2,Bladder cancer,291,291,0,0,0,133,158,45.7045,48.4766,183,108,62.8866,72.3645,127,164,43.6426,49.1388,45,246,15.4639,18.7726
PGS001808,portability-PLR_191.11,Brain cancer,117,117,0,0,0,61,56,52.1368,50.2459,82,35,70.0855,79.8928,60,57,51.2821,56.1868,30,87,25.641,36.1842
PGS001809,portability-PLR_193,Thyroid cancer,111,111,0,0,0,43,68,38.7387,24.2242,62,49,55.8559,47.0999,40,71,36.036,22.5099,11,100,9.9099,15.8331
PGS001810,portability-PLR_200.1,Polycythemia vera,67,67,0,0,0,34,33,50.7463,56.5992,43,24,64.1791,68.8588,32,35,47.7612,53.0937,11,56,16.4179,33.0176
PGS001812,portability-PLR_211,Benign neoplasm of other parts of digestive system,801,801,0,0,0,391,410,48.814,43.9072,542,259,67.6654,63.7068,351,450,43.8202,37.5609,137,664,17.1036,21.4541
PGS001814,portability-PLR_241.2,Nontoxic multinodular goiter,322,322,0,0,0,138,184,42.8571,31.104,198,124,61.4907,42.6648,144,178,44.7205,37.6468,57,265,17.7019,14.3313
PGS001815,portability-PLR_242,Thyrotoxicosis with or without goiter,280,280,0,0,0,140,140,50,51.2913,203,77,72.5,67.5911,137,143,48.9286,52.4317,86,194,30.7143,46.8802
PGS001817,portability-PLR_250.1,Type 1 diabetes (T1D),825,825,0,0,0,376,449,45.5758,48.7007,558,267,67.6364,76.7505,367,458,44.4848,49.7839,215,610,26.0606,47.8862
PGS001819,portability-PLR_250.7,Diabetic retinopathy,249,249,0,0,0,116,133,46.5863,36.0549,161,88,64.6586,77.9334,119,130,47.7912,51.4836,63,186,25.3012,63.2847
PGS001820,portability-PLR_251.1,Hypoglycemia,187,187,0,0,0,75,112,40.107,34.1723,124,63,66.3102,82.2034,76,111,40.6417,37.8697,33,154,17.6471,20.7615
PGS001822,portability-PLR_274.1,Gout,216,216,0,0,0,107,109,49.537,66.1335,150,66,69.4444,77.5575,106,110,49.0741,59.1135,50,166,23.1481,55.2225
PGS001823,portability-PLR_275.1,Disorders of iron metabolism,654,654,0,0,0,323,331,49.3884,79.5283,455,199,69.5719,89.7025,312,342,47.7064,71.8872,114,540,17.4312,55.8983
PGS001824,portability-PLR_277.4,Disorders of bilirubin excretion,22,22,0,0,0,16,6,72.7273,96.2992,19,3,86.3636,99.089,13,9,59.0909,92.2016,6,16,27.2727,76.8331
PGS001826,portability-PLR_286.12,Congenital deficiency of other clotting factors (including factor VII),45,45,0,0,0,15,30,33.3333,35.6861,24,21,53.3333,59.2135,15,30,33.3333,35.5102,9,36,20,32.1551
PGS001827,portability-PLR_290.1,Dementia,33,33,0,0,0,17,16,51.5152,79.355,21,12,63.6364,34.6128,18,15,54.5455,94.1415,12,21,36.3636,96.7608
PGS001828,portability-PLR_290.11,Alzheimer's disease,38,38,0,0,0,23,15,60.5263,78.8665,31,7,81.5789,34.1206,22,16,57.8947,91.393,12,26,31.5789,88.9686
PGS001831,portability-PLR_335,Multiple sclerosis,491,491,0,0,0,226,265,46.0285,53.4211,339,152,69.0428,74.8099,234,257,47.6578,58.1562,141,350,28.7169,58.7396
PGS001834,portability-PLR_362.29,Macular degeneration (senile) of retina NOS,157,157,0,0,0,78,79,49.6815,70.5585,107,50,68.1529,87.5294,71,86,45.2229,80.1383,33,124,21.0191,62.7297
PGS001835,portability-PLR_364.5,Corneal dystrophy,38,38,0,0,0,14,24,36.8421,48.0094,22,16,57.8947,54.4526,14,24,36.8421,48.0094,13,25,34.2105,33.0298
PGS001840,portability-PLR_415,Pulmonary heart disease,330,330,0,0,0,154,176,46.6667,49.599,219,111,66.3636,74.2565,146,184,44.2424,35.3369,70,260,21.2121,38.0749
PGS001843,portability-PLR_443.9,"Peripheral vascular disease, unspecified",242,242,0,0,0,98,144,40.4959,46.9934,159,83,65.7025,63.3901,97,145,40.0826,49.8845,54,188,22.314,30.9021
PGS001844,portability-PLR_451,Phlebitis and thrombophlebitis,431,431,0,0,0,194,237,45.0116,65.1115,293,138,67.9814,79.448,195,236,45.2436,62.7954,87,344,20.1856,55.0978
PGS001847,portability-PLR_459.9,Circulatory disease NEC,594,594,0,0,0,272,322,45.7912,48.9156,393,201,66.1616,77.8878,260,334,43.771,48.413,113,481,19.0236,37.913
PGS001852,portability-PLR_535.6,Duodenitis,191,191,0,0,0,98,93,51.3089,46.4355,130,61,68.0628,70.8642,93,98,48.6911,45.3369,39,152,20.4188,12.8894
PGS001853,portability-PLR_540,Appendiceal conditions,19,19,0,0,0,8,11,42.1053,7.7303,11,8,57.8947,72.5431,8,11,42.1053,7.7303,6,13,31.5789,63.8331
PGS001858,portability-PLR_564,Functional digestive disorders,764,764,0,0,0,377,387,49.3455,51.2323,510,254,66.7539,66.5733,352,412,46.0733,48.7953,145,619,18.9791,23.2071
PGS001859,portability-PLR_565.1,Anal and rectal polyp,789,789,0,0,0,389,400,49.3029,46.4438,527,262,66.7934,66.9319,360,429,45.6274,42.2193,146,643,18.5044,24.436
PGS001860,portability-PLR_571.5,Other chronic nonalcoholic liver disease,497,497,0,0,0,207,290,41.6499,32.7701,326,171,65.5936,68.4917,214,283,43.0584,33.3732,96,401,19.3159,26.3999
PGS001862,portability-PLR_575,Other biliary tract disease,151,151,0,0,0,73,78,48.3444,31.3306,101,50,66.8874,80.0527,71,80,47.0199,73.5965,33,118,21.8543,60.1895
PGS001863,portability-PLR_593,Hematuria,794,794,0,0,0,393,401,49.4962,41.8084,550,244,69.2695,63.979,384,410,48.3627,42.367,177,617,22.2922,35.8959
PGS001866,portability-PLR_615,Endometriosis,399,399,0,0,0,168,231,42.1053,36.6715,253,146,63.4085,58.4149,171,228,42.8571,38.0601,66,333,16.5414,16.6961
PGS001868,portability-PLR_654.2,Rhesus isoimmunization in pregnancy,30,30,0,0,0,12,18,40,69.5808,19,11,63.3333,73.491,14,16,46.6667,69.9765,5,25,16.6667,39.6233
PGS001869,portability-PLR_681,Superficial cellulitis and abscess,131,131,0,0,0,59,72,45.0382,30.3144,85,46,64.8855,42.7358,53,78,40.458,28.3172,22,109,16.7939,12.4114
PGS001870,portability-PLR_695.4,Lupus (localized and systemic),87,87,0,0,0,38,49,43.6782,30.8887,58,29,66.6667,54.1236,37,50,42.5287,28.7749,38,49,43.6782,48.5975
PGS001871,portability-PLR_696.4,Psoriasis,264,264,0,0,0,126,138,47.7273,55.0917,193,71,73.1061,78.6877,122,142,46.2121,67.8495,88,176,33.3333,59.7113
PGS001872,portability-PLR_697,Sarcoidosis,79,79,0,0,0,26,53,32.9114,35.6591,47,32,59.4937,59.0079,23,56,29.1139,34.9908,23,56,29.1139,41.7358
PGS001873,portability-PLR_704,Diseases of hair and hair follicles,461,461,0,0,0,213,248,46.2039,37.4485,310,151,67.2451,78.1136,199,262,43.167,47.6348,89,372,19.3059,18.5811
PGS001874,portability-PLR_706.2,Sebaceous cyst,563,563,0,0,0,265,298,47.0693,43.404,379,184,67.3179,77.3314,272,291,48.3126,58.0454,112,451,19.8934,16.0736
PGS001875,portability-PLR_714.1,Rheumatoid arthritis,256,256,0,0,0,124,132,48.4375,52.3162,188,68,73.4375,69.0562,127,129,49.6094,57.3011,76,180,29.6875,47.4302
PGS001876,portability-PLR_715.2,Ankylosing spondylitis,85,85,0,0,0,28,57,32.9412,27.823,52,33,61.1765,83.8525,33,52,38.8235,58.403,26,59,30.5882,79.7926
PGS001878,portability-PLR_717,Polymyalgia Rheumatica,142,142,0,0,0,65,77,45.7746,43.7636,91,51,64.0845,55.9248,59,83,41.5493,32.6027,36,106,25.3521,34.0945
PGS001879,portability-PLR_727.4,"Ganglion and cyst of synovium, tendon, and bursa",210,210,0,0,0,103,107,49.0476,44.7085,138,72,65.7143,62.4654,92,118,43.8095,38.4575,30,180,14.2857,12.8166
PGS001883,portability-PLR_743.1,Osteoporosis,365,365,0,0,0,158,207,43.2877,40.205,242,123,66.3014,70.1567,159,206,43.5616,50.1622,72,293,19.726,32.8552
PGS001885,portability-PLR_960.2,Allergy/adverse effect of penicillin,95,95,0,0,0,34,61,35.7895,6.605,61,34,64.2105,93.1971,33,62,34.7368,9.7325,19,76,20,8.2793
PGS001894,portability-PLR_celiac_gluten,Diagnosed with coeliac disease or gluten sensitivity,484,484,0,0,0,228,256,47.1074,50.661,312,172,64.4628,79.9648,224,260,46.281,56.6498,86,398,17.7686,46.7618
PGS001902,portability-PLR_ECG_P_duration,P duration,640,640,0,0,0,283,357,44.2188,45.2052,418,222,65.3125,71.6359,284,356,44.375,47.4586,124,516,19.375,30.0516
PGS001904,portability-PLR_ECG_PQ_interval,PQ interval,826,826,0,0,0,412,414,49.8789,54.208,556,270,67.3123,71.9607,393,433,47.5787,51.0456,147,679,17.7966,33.5398
PGS001906,portability-PLR_ECG_QTC_interval,QTc interval,641,641,0,0,0,300,341,46.8019,49.5695,426,215,66.4587,54.1737,295,346,46.0218,45.8157,115,526,17.9407,23.927
PGS001913,portability-PLR_F_length_menstrual_cycle,Length of menstrual cycle,339,339,0,0,0,166,173,48.9676,55.3717,237,102,69.9115,71.3519,164,175,48.3776,50.461,63,276,18.5841,25.4875
PGS001924,portability-PLR_glasses,Wears glasses or contact lenses,311,311,0,0,0,134,177,43.0868,35.0838,198,113,63.6656,61.51,132,179,42.4437,35.1674,57,254,18.328,19.1887
PGS001967,portability-PLR_log_microalbumin_urine,Microalbumin in urine,948,948,0,0,0,453,495,47.7848,45.9827,638,310,67.2996,64.1816,433,515,45.6751,45.3063,162,786,17.0886,23.7364
PGS001985,portability-PLR_logMAR,logMAR in round (left/right),223,223,0,0,0,94,129,42.1525,36.0682,146,77,65.4709,55.6337,94,129,42.1525,40.1076,38,185,17.0404,16.2678
PGS002233,PRS27_NMR,Nicotine metabolite ratio,27,27,0,0,0,0,27,0,0,1,26,3.7037,5.3251,0,27,0,0,2,25,7.4074,5.8252
PGS002234,PRS10_NMR,Nicotine metabolite ratio,10,10,0,0,0,2,8,20,19.2025,3,7,30,29.197,1,9,10,9.7637,0,10,0,0
PGS002235,elasticnet_VTE,Venous thromboembolism,36,36,0,0,0,9,27,25,26.0054,10,26,27.7778,28.5782,7,29,19.4444,21.4535,8,28,22.2222,29.2511
PGS002245,PGS8_LF,Liver fat (MRI-derived),8,8,1,0,0,1,7,12.5,16.6667,3,5,37.5,37.5,3,5,37.5,48.9583,4,4,50,79.1667
PGS002246,Melanoma_PRS50,Melanoma,50,50,7,0,0,10,40,20,26.0409,14,36,28,31.0764,12,38,24,30.7188,16,34,32,52.5271
PGS002247,Melanoma_PRS68,Melanoma,68,68,9,0,0,13,55,19.1176,23.8099,20,48,29.4118,30.672,16,52,23.5294,29.216,16,52,23.5294,44.4378
PGS002248,PRSice_asthma,Childhood asthma,105,105,0,0,0,28,77,26.6667,26.4028,36,69,34.2857,33.3013,30,75,28.5714,27.5365,28,77,26.6667,26.4316
PGS002251,PRS97_BMI,Body mass index (BMI),97,97,5,0,0,36,61,37.1134,34.4144,60,37,61.8557,65.5708,36,61,37.1134,37.0156,88,9,90.7216,91.2483
PGS002252,PRS_CRC,Colorectal cancer,141,141,11,2,0,23,118,16.3121,14.1884,34,107,24.1135,20.3382,24,117,17.0213,14.7369,33,108,23.4043,20.5017
PGS002253,Melanoma_PRS45,Melanoma,45,45,5,0,0,27,18,60,64.7451,28,17,62.2222,65.9561,26,19,57.7778,63.3929,21,24,46.6667,57.6147
PGS002256,GRS4_GDM,Gestational diabetes mellitus in early pregnancy,4,4,1,0,0,2,2,50,50.2733,3,1,75,76.1812,2,2,50,50.9567,3,1,75,76.1812
PGS002257,GRS901_SBP,Systolic blood pressure,884,884,135,0,0,127,757,14.3665,15.4429,221,663,25,26.7986,147,737,16.629,19.1386,134,750,15.1584,19.9485
PGS002258,GRS901_DBP,Diastolic blood pressure,885,885,136,0,0,127,758,14.3503,14.7758,221,664,24.9718,25.9085,147,738,16.6102,18.7852,134,751,15.1412,19.4514
PGS002259,metaPRS_Stroke,Stroke,534,534,60,0,0,181,353,33.8951,31.4771,279,255,52.2472,44.5867,211,323,39.5131,39.1665,251,283,47.0037,42.3981
PGS002261,PRS22_NB,Neuroblastoma,22,22,0,0,0,0,22,0,0,3,19,13.6364,13.1969,2,20,9.0909,8.0396,1,21,4.5455,2.8761
PGS002262,metaPRS_CAD,Coronary artery disease,540,540,61,0,0,178,362,32.963,30.0459,276,264,51.1111,45.5436,205,335,37.963,44.6469,247,293,45.7407,49.4488
PGS002264,PRS_Combined,Pancreatic ductal adenocarcinoma,49,49,4,0,0,19,30,38.7755,17.0039,30,19,61.2245,27.8323,20,29,40.8163,19.5252,20,29,40.8163,22.5902
PGS002265,PRS140_CRC,Colorectal cancer,140,140,0,0,0,23,117,16.4286,14.2472,34,106,24.2857,20.3752,24,116,17.1429,14.1466,32,108,22.8571,23.4724
PGS002266,PRS_29,Nonsyndromic cleft lip with or without cleft palate,29,29,5,0,0,8,21,27.5862,29.7138,9,20,31.0345,32.0636,9,20,31.0345,32.3082,7,22,24.1379,26.9692
PGS002267,PRS89_AA,Ascending thoracic aortic diameter,89,89,11,0,0,11,78,12.3596,9.4655,17,72,19.1011,14.5934,12,77,13.4831,10.2452,5,84,5.618,3.865
PGS002268,PRS_csPCa,Prostate cancer,29,29,0,0,0,8,21,27.5862,30.0281,9,20,31.0345,32.16,8,21,27.5862,30.0281,11,18,37.931,42.0592
PGS002269,PRS47_AMD,Age-related macular degeneration,47,47,0,0,0,7,40,14.8936,5.671,13,34,27.6596,35.0501,11,36,23.4043,29.8703,30,17,63.8298,60.1305
PGS002270,PRS33_LC,Lung cancer,33,33,4,0,0,7,26,21.2121,26.4368,10,23,30.303,41.6164,9,24,27.2727,39.2888,11,22,33.3333,43.093
PGS002272,GRS6_COVID,COVID-19 infection,6,6,0,0,0,2,4,33.3333,25.499,2,4,33.3333,25.499,2,4,33.3333,25.499,2,4,33.3333,18.1295
PGS002273,GRS12_COVID,COVID-19 infection,12,12,0,0,0,3,9,25,19.0945,4,8,33.3333,27.1562,2,10,16.6667,17.5499,5,7,41.6667,25.388
PGS002274,LDL-PRS,LDL cholesterol,279,279,21,0,0,144,135,51.6129,48.6163,202,77,72.4014,73.8041,176,103,63.0824,65.2988,181,98,64.8746,74.0671
PGS002275,SBP-PRS,Systolic blood pressure,425,425,58,0,0,57,368,13.4118,13.2767,93,332,21.8824,21.9883,63,362,14.8235,14.6076,44,381,10.3529,12.5197
PGS002277,pPS_Insulin_secretion_1,Type 2 diabetes (based on SNPs associated with insulin secretion),8,8,0,0,0,6,2,75,57.265,8,0,100,100,8,0,100,100,7,1,87.5,80.575
PGS002278,GRS16_snLVEF,Supranormal left ventricular ejection fraction,16,16,4,0,0,1,15,6.25,6.7416,2,14,12.5,12.3596,1,15,6.25,6.7416,1,15,6.25,6.7416
PGS002279,GRS22_rLVEF,Reduced left ventricular ejection fraction,22,22,5,0,0,0,22,0,0,1,21,4.5455,2.8169,0,22,0,0,0,22,0,0
PGS002280,GRS83_AD,Alzheimer’s disease,83,83,9,0,0,10,73,12.0482,6.5726,21,62,25.3012,17.3312,14,69,16.8675,24.982,12,71,14.4578,27.7366
PGS002281,PRS23_MM,Multiple myeloma,23,23,3,0,0,7,16,30.4348,37.0944,12,11,52.1739,57.5625,7,16,30.4348,37.0944,8,15,34.7826,38.5017
PGS002282,GRS68_NAFLD,Nonalcoholic fatty liver disease,68,68,14,0,0,8,60,11.7647,15.7116,17,51,25,27.5416,11,57,16.1765,21.0721,13,55,19.1176,27.3567
PGS002283,GRS15_NAFLD,Nonalcoholic fatty liver disease,15,15,1,0,0,2,13,13.3333,27.8049,4,11,26.6667,40,4,11,26.6667,39.0244,4,11,26.6667,39.5122
PGS002284,GRS_286_HDL,HDL cholesterol,286,285,0,0,0,32,253,11.2281,10.3806,53,232,18.5965,14.4269,36,249,12.6316,15.3426,28,257,9.8246,6.9997
PGS002285,GRS_286_LDL,LDL cholesterol,286,285,0,0,0,32,253,11.2281,8.7268,53,232,18.5965,13.6782,36,249,12.6316,11.7331,28,257,9.8246,6.0877
PGS002286,GRS_286_TC,Total cholesterol,286,285,0,0,0,32,253,11.2281,9.0772,53,232,18.5965,14.0563,36,249,12.6316,12.0878,28,257,9.8246,6.3596
PGS002287,GRS_286_TG,Triglyceride,286,285,0,0,0,32,253,11.2281,8.3321,53,232,18.5965,14.253,36,249,12.6316,12.2052,28,257,9.8246,7.6646
PGS002289,GRS23_AD,Late-onset Alzheimer's disease,23,23,0,0,0,7,16,30.4348,20.4988,13,10,56.5217,74.8263,10,13,43.4783,58.3735,21,2,91.3043,95.4146
PGS002290,GRS10_PUA,Uric acid level,10,10,0,0,0,2,8,20,17.9409,4,6,40,31.7007,4,6,40,31.7007,4,6,40,31.7007
PGS002291,PRS12_NPC,Nasopharyngeal carcinoma,12,12,0,0,0,3,9,25,18.9157,6,6,50,48.6606,3,9,25,18.9157,8,4,66.6667,63.4616
PGS002292,PRS36_KC,Keratoconus,36,36,5,0,0,4,32,11.1111,11.0806,5,31,13.8889,12.4721,5,31,13.8889,16.0878,5,31,13.8889,22.0496
PGS002293,PRS62_psoriasis,Psoriasis,62,62,0,0,0,6,56,9.6774,6.928,17,45,27.4194,24.7949,10,52,16.129,17.1376,15,47,24.1935,35.5515
PGS002294,PRS111,Breast cancer,111,111,13,0,0,13,98,11.7117,9.2788,26,85,23.4234,22.6338,18,93,16.2162,16.0609,36,75,32.4324,36.5114
PGS002295,GRS413_IGF-1,Insulin growth-like factor-1 level,413,413,0,0,0,68,345,16.4649,16.2101,111,302,26.8765,27.9028,70,343,16.9492,18.4597,65,348,15.7385,20.2014
PGS002297,GRS48_lpa,Lipoprotein A levels,48,48,5,0,0,2,46,4.1667,1.8278,6,42,12.5,6.222,3,45,6.25,3.5661,4,44,8.3333,16.8208
PGS002298,PRS14_esophageal,Esophageal cancer,14,14,0,0,0,3,11,21.4286,33.7481,4,10,28.5714,39.9689,3,11,21.4286,33.7481,2,12,14.2857,20.5288
PGS002299,PRS3_gastric,Gastric cancer,3,3,0,0,0,1,2,33.3333,29.9217,1,2,33.3333,29.9217,1,2,33.3333,29.9217,1,2,33.3333,29.9217
PGS002300,PRS19_endometrial,Endometrial cancer,19,19,0,0,0,3,16,15.7895,13.5382,6,13,31.5789,26.7658,3,16,15.7895,13.5382,2,17,10.5263,10.176
PGS002301,PRS22_melanoma,Melanoma,22,22,0,0,0,11,11,50,36.4354,12,10,54.5455,53.7236,10,12,45.4545,34.3376,17,5,77.2727,69.6058
PGS002302,PRS28_glioma,Glioma,28,28,0,0,0,8,20,28.5714,21.2147,10,18,35.7143,30.0994,9,19,32.1429,44.3917,4,24,14.2857,30.7267
PGS002303,PRS9_DLBCL,Diffuse large B-cell lymphoma,9,9,0,0,0,4,5,44.4444,24.9441,4,5,44.4444,24.9441,4,5,44.4444,24.9441,4,5,44.4444,28.6477
PGS002304,PRS6_FL,Follicular lymphoma,6,6,0,0,0,2,4,33.3333,27.5775,3,3,50,44.8744,2,4,33.3333,27.5775,6,0,100,100
PGS002305,PRS43_CLL,Chronic lymphoid leukemia,43,43,0,0,0,20,23,46.5116,52.5441,28,15,65.1163,71.1703,23,20,53.4884,59.8749,29,14,67.4419,71.1867
PGS002306,PRS23_MM,Multiple myeloma,23,23,0,0,0,4,19,17.3913,16.5618,10,13,43.4783,40.0949,4,19,17.3913,16.5618,4,19,17.3913,15.5111
PGS002307,PRS33_gout,Gout,33,33,1,0,0,8,25,24.2424,18.617,15,18,45.4545,29.4073,9,24,27.2727,21.9605,11,22,33.3333,22.2644
PGS002528,repro_NumberChildrenEverBorn_Pooled.P+T.1e-06,Number of children ever born,66,66,8,0,0,3,63,4.5455,1.0775,3,63,4.5455,1.0775,3,63,4.5455,1.0775,1,65,1.5152,0.3525
PGS002530,disease_ASTHMA_DIAGNOSED.P+T.1e-06,Asthma,817,817,100,0,0,81,736,9.9143,3.2003,125,692,15.2999,5.1551,85,732,10.4039,3.6,68,749,8.3231,3.7134
PGS002531,disease_AID_ALL.P+T.1e-06,Autoimmune disease,382,382,43,0,0,48,334,12.5654,4.3933,62,320,16.2304,6.0165,48,334,12.5654,5.3652,37,345,9.6859,4.6607
PGS002536,repro_ChildLess.P+T.1e-06,Childless,53,53,5,0,0,3,50,5.6604,0.5777,4,49,7.5472,0.8017,2,51,3.7736,0.3838,2,51,3.7736,0.4165
PGS002537,other_MORNINGPERSON.P+T.1e-06,Chronotype (morning person),562,562,59,0,0,49,513,8.7189,8.3076,73,489,12.9893,11.2319,44,518,7.8292,5.8679,23,539,4.0925,3.7058
PGS002539,disease_DERMATOLOGY.P+T.1e-06,Dermatologic diseases,540,540,62,0,0,8,532,1.4815,0.1392,22,518,4.0741,1.6511,11,529,2.037,0.0898,14,526,2.5926,0.0619
PGS002540,disease_DIABETES_ANY_DIAGNOSED.P+T.1e-06,Diabetes (any type),598,598,81,0,0,29,569,4.8495,0.1211,46,552,7.6923,0.1887,33,565,5.5184,0.1362,31,567,5.1839,0.199
PGS002543,disease_ENDOCRINE_DIABETES.P+T.1e-06,Endocrine and diabetes diseases,528,528,68,0,0,24,504,4.5455,0.2015,44,484,8.3333,0.8539,30,498,5.6818,0.22,24,504,4.5455,0.1227
PGS002547,biochemistry_Glucose.P+T.1e-06,Glucose,840,840,105,0,0,64,776,7.619,0.4665,99,741,11.7857,0.7856,71,769,8.4524,0.6156,67,773,7.9762,0.9047
PGS002553,disease_HI_CHOL_SELF_REP.P+T.1e-06,High cholesterol,810,810,116,0,0,79,731,9.7531,4.3317,118,692,14.5679,6.6634,95,715,11.7284,5.8248,85,725,10.4938,7.2278
PGS002555,disease_HYPOTHYROIDISM_SELF_REP.P+T.1e-06,Hypothyroidism,986,986,136,0,0,72,914,7.3022,0.4044,126,860,12.7789,1.3239,79,907,8.0122,0.5048,65,921,6.5923,0.4532
PGS002561,mental_NEUROTICISM.P+T.1e-06,Neuroticism,469,469,54,0,0,48,421,10.2345,7.9736,67,402,14.2857,10.7598,47,422,10.0213,7.5843,17,452,3.6247,3.5132
PGS002566,disease_RESPIRATORY_ENT.P+T.1e-06,Respiratory and ear-nose-throat diseases,658,658,83,0,0,66,592,10.0304,2.4976,95,563,14.4377,3.6512,68,590,10.3343,2.7482,61,597,9.2705,3.2349
PGS002567,cov_SMOKING_STATUS.P+T.1e-06,Smoking status,517,517,72,0,0,41,476,7.9304,5.5947,72,445,13.9265,9.7781,49,468,9.4778,6.772,25,492,4.8356,3.8158
PGS002570,disease_THYROID_ANY_SELF_REP.P+T.1e-06,Thyroid (self-reported conditions),954,954,139,0,0,73,881,7.652,0.5079,113,841,11.8449,0.8223,81,873,8.4906,0.6051,58,896,6.0797,0.4238
PGS002573,disease_T2D.P+T.1e-06,Type 2 diabetes (T2D),673,673,93,0,0,31,642,4.6062,0.0939,53,620,7.8752,0.1559,33,640,4.9034,0.099,33,640,4.9034,0.1511
PGS002577,repro_NumberChildrenEverBorn_Pooled.P+T.5e-08,Number of children ever born,21,21,0,0,0,0,21,0,0,0,21,0,0,0,21,0,0,0,21,0,0
PGS002578,repro_MENARCHE_AGE.P+T.5e-08,Age at menarche,891,891,92,0,0,81,810,9.0909,7.1521,129,762,14.4781,11.1878,82,809,9.2031,7.2841,57,834,6.3973,6.579
PGS002579,disease_ASTHMA_DIAGNOSED.P+T.5e-08,Asthma,503,503,60,0,0,56,447,11.1332,6.3826,91,412,18.0915,10.7899,58,445,11.5308,7.1919,50,453,9.9404,7.7551
PGS002580,disease_AID_ALL.P+T.5e-08,Autoimmune disease,206,206,18,0,0,32,174,15.534,12.2864,42,164,20.3883,16.5008,33,173,16.0194,15.1727,26,180,12.6214,13.2712
PGS002584,disease_CARDIOVASCULAR.P+T.5e-08,Cardiovascular disease,637,637,81,0,0,71,566,11.146,9.7669,104,533,16.3265,13.9965,71,566,11.146,10.0046,55,582,8.6342,10.1143
PGS002585,repro_ChildLess.P+T.5e-08,Childless,12,12,0,0,0,0,12,0,0,1,11,8.3333,8.0997,0,12,0,0,1,11,8.3333,8.0997
PGS002586,other_MORNINGPERSON.P+T.5e-08,Chronotype (morning person),255,255,29,0,0,23,232,9.0196,7.9842,35,220,13.7255,11.3694,19,236,7.451,6.6455,14,241,5.4902,5.6051
PGS002587,cov_EDU_COLLEGE.P+T.5e-08,College education,514,514,68,0,0,47,467,9.144,7.9709,64,450,12.4514,10.9681,46,468,8.9494,8.0431,19,495,3.6965,3.8536
PGS002588,disease_DERMATOLOGY.P+T.5e-08,Dermatologic diseases,240,240,33,0,0,3,237,1.25,0.0718,11,229,4.5833,1.9156,7,233,2.9167,0.1287,9,231,3.75,0.0772
PGS002589,disease_DIABETES_ANY_DIAGNOSED.P+T.5e-08,Diabetes (any type),267,267,36,0,0,19,248,7.1161,0.2359,27,240,10.1124,0.3382,22,245,8.2397,0.2688,25,242,9.3633,0.4588
PGS002591,disease_ALLERGY_ECZEMA_DIAGNOSED.P+T.5e-08,Eczema,667,667,80,0,0,62,605,9.2954,7.0167,101,566,15.1424,11.7211,70,597,10.4948,8.9561,63,604,9.4453,10.3369
PGS002592,disease_ENDOCRINE_DIABETES.P+T.5e-08,Endocrine and diabetes diseases,187,187,26,0,0,14,173,7.4866,0.1547,22,165,11.7647,0.2435,16,171,8.5561,0.1767,15,172,8.0214,0.2786
PGS002596,biochemistry_Glucose.P+T.5e-08,Glucose,482,482,67,0,0,44,438,9.1286,0.7304,71,411,14.7303,1.2788,51,431,10.5809,1.0235,53,429,10.9959,1.52
PGS002602,disease_HI_CHOL_SELF_REP.P+T.5e-08,High cholesterol,545,545,77,0,0,56,489,10.2752,7.7342,82,463,15.0459,11.8913,66,479,12.1101,10.7353,64,481,11.7431,14.4059
PGS002603,disease_HYPERTENSION_DIAGNOSED.P+T.5e-08,Hypertension,949,949,131,0,0,89,860,9.3783,8.6735,141,808,14.8577,13.2145,97,852,10.2213,10.0623,66,883,6.9547,7.9301
PGS002604,disease_HYPOTHYROIDISM_SELF_REP.P+T.5e-08,Hypothyroidism,550,550,83,0,0,50,500,9.0909,0.5935,87,463,15.8182,0.9983,55,495,10,0.7424,45,505,8.1818,0.66
PGS002610,mental_NEUROTICISM.P+T.5e-08,Neuroticism,196,196,23,0,0,21,175,10.7143,9.3774,23,173,11.7347,10.2366,20,176,10.2041,9.2471,8,188,4.0816,4.0285
PGS002612,disease_PSORIASIS.P+T.5e-08,Psoriasis,643,643,95,0,0,11,632,1.7107,0.5464,21,622,3.2659,1.8883,12,631,1.8663,0.0201,9,634,1.3997,0.0187
PGS002615,disease_RESPIRATORY_ENT.P+T.5e-08,Respiratory and ear-nose-throat diseases,382,382,43,0,0,43,339,11.2565,7.5174,63,319,16.4921,11.2756,47,335,12.3037,8.7999,39,343,10.2094,9.5329
PGS002616,cov_SMOKING_STATUS.P+T.5e-08,Smoking status,201,201,21,0,0,14,187,6.9652,6.8401,33,168,16.4179,15.343,18,183,8.9552,9.2477,12,189,5.9701,5.247
PGS002619,disease_THYROID_ANY_SELF_REP.P+T.5e-08,Thyroid (self-reported conditions),548,548,79,0,0,53,495,9.6715,0.6767,80,468,14.5985,1.0224,60,488,10.9489,0.8529,40,508,7.2993,0.645
PGS002622,disease_T2D.P+T.5e-08,Type 2 diabetes (T2D),293,293,44,0,0,18,275,6.1433,0.165,27,266,9.215,0.247,19,274,6.4846,0.1726,24,269,8.1911,0.2923
PGS002728,PRS_hip,Hip osteoarthritis,44,44,5,0,0,10,34,22.7273,9.0534,14,30,31.8182,11.8267,9,35,20.4545,8.446,9,35,20.4545,9.6608
PGS002729,PRS_knee,Knee osteoarthritis,24,24,2,0,0,2,22,8.3333,8.8141,5,19,20.8333,21.4744,3,21,12.5,14.4231,4,20,16.6667,17.9487
PGS002730,GRSlipid_35,LDL lowering in response to statin,35,35,0,0,0,9,26,25.7143,11.0582,14,21,40,32.5071,11,24,31.4286,24.1182,9,26,25.7143,44.8046
PGS002731,oA-PRS,Alzheimer’s disease,17,17,3,0,0,1,16,5.8824,3.352,2,15,11.7647,12.3224,1,16,5.8824,8.9704,3,14,17.6471,24.6565
PGS002732,GRS_77,Chronic elevation of alanine aminotransferase,77,77,17,0,0,9,68,11.6883,9.6815,19,58,24.6753,17.352,12,65,15.5844,12.8403,14,63,18.1818,16.7733
PGS002733,GRS17_T2D,Type 2 diabetes (T2D),17,17,3,0,0,5,12,29.4118,34.6106,10,7,58.8235,61.6097,9,8,52.9412,55.8876,10,7,58.8235,65.2672
PGS002734,GRS_SBP_362,Systolic blood pressure,362,362,0,0,0,46,316,12.7072,12.0666,71,291,19.6133,18.2438,49,313,13.5359,12.8588,27,335,7.4586,7.4154
PGS002735,PRS19,Endometrial cancer,19,19,0,0,0,3,16,15.7895,13.5288,6,13,31.5789,26.4721,3,16,15.7895,13.5288,3,16,15.7895,14.899
PGS002736,PRS24,Endometrial cancer,24,24,0,0,0,4,20,16.6667,13.2444,8,16,33.3333,28.7934,4,20,16.6667,13.2444,4,20,16.6667,14.1179
PGS002737,PRS72,Endometrial cancer,72,72,0,0,0,7,65,9.7222,5.9151,13,59,18.0556,12.019,8,64,11.1111,6.6154,9,63,12.5,11.1769
PGS002739,PRS_gene,Alcohol use disorder,858,858,0,0,0,308,550,35.8974,49.0228,483,375,56.2937,65.4602,297,561,34.6154,48.4958,116,742,13.5198,16.0381
PGS002740,PRS22_PC,Pancreatic cancer,22,22,0,0,0,7,15,31.8182,29.4148,16,6,72.7273,72.1252,8,14,36.3636,39.695,14,8,63.6364,59.8401
PGS002741,GRS127_POAG_META,Primary open-angle glaucoma,127,127,19,0,0,15,112,11.811,9.3105,26,101,20.4724,27.7926,17,110,13.3858,23.1335,17,110,13.3858,9.9414
PGS002742,PRS115_EAS,Colorectal cancer,115,115,14,0,0,24,91,20.8696,24.8969,36,79,31.3043,36.475,20,95,17.3913,19.7911,35,80,30.4348,35.1986
PGS002743,PRS115_EUR,Colorectal cancer,115,115,14,0,0,24,91,20.8696,19.2182,36,79,31.3043,29.6754,20,95,17.3913,17.2975,35,80,30.4348,32.5958
PGS002744,PRS115_EUR_EAS,Colorectal cancer,115,115,14,0,0,24,91,20.8696,21.9666,36,79,31.3043,32.252,20,95,17.3913,18.2698,35,80,30.4348,33.019
PGS002747,PRS_GI,Gastrointestinal cancer,106,106,6,0,0,12,94,11.3208,11.3947,22,84,20.7547,20.5871,13,93,12.2642,12.2364,23,83,21.6981,20.2713
PGS002748,PRS_251,Height,251,251,0,0,0,36,215,14.3426,9.1564,54,197,21.5139,15.5078,37,214,14.741,10.4295,39,212,15.5378,11.9754
PGS002749,PRS10_TKR,Total knee replacement,10,10,0,0,0,1,9,10,10.6246,3,7,30,27.408,2,8,20,21.2491,3,7,30,27.408
PGS002750,PRS37_THR,Total hip replacement,37,37,0,1,0,6,31,16.2162,11.5913,8,29,21.6216,16.075,6,31,16.2162,11.5913,5,32,13.5135,14.9871
PGS002751,GRSrare,Body mass index (BMI),14,14,2,0,0,1,13,7.1429,2.2727,3,11,21.4286,7.21,2,12,14.2857,44.7492,6,8,42.8571,26.3323
PGS002773,GTG_AF_maxCT,Incident atrial fibrillation,265,265,0,0,0,70,195,26.4151,24.646,107,158,40.3774,37.5303,79,186,29.8113,28.7977,80,185,30.1887,35.0062
PGS002791,PRS126_Pca,Prostate cancer,126,126,0,0,0,51,75,40.4762,44.2388,68,58,53.9683,54.1202,54,72,42.8571,47.2558,78,48,61.9048,61.1267
PGS002792,PRS67_Pca,Prostate cancer,67,67,0,0,0,32,35,47.7612,54.0256,42,25,62.6866,66.2573,33,34,49.2537,56.5907,43,24,64.1791,64.2414
PGS002793,PRS84_Pca,Prostate cancer,82,82,0,0,0,42,40,51.2195,63.2824,59,23,71.9512,79.567,46,36,56.0976,68.1582,55,27,67.0732,71.6998
PGS002794,PRS_VTE,Venous thromboembolism,10,10,0,0,0,5,5,50,67.4176,5,5,50,67.4176,5,5,50,67.4176,7,3,70,82.5299
PGS002795,PRS_longetivity,Longevity (>90th survival percentile),4,4,0,0,0,3,1,75,48.882,4,0,100,100,3,1,75,86.9748,4,0,100,100
PGS002796,GRS232_Eur,Prostate cancer,232,232,0,0,0,39,193,16.8103,20.8829,57,175,24.569,26.7536,41,191,17.6724,21.5419,70,162,30.1724,36.3417
PGS002797,GRS67_His,Prostate cancer,67,67,0,0,0,10,57,14.9254,15.2059,14,53,20.8955,19.9194,7,60,10.4478,10.3306,19,48,28.3582,25.6095
PGS002798,GRS128_Afr,Prostate cancer,128,128,0,0,0,20,108,15.625,15.7359,33,95,25.7813,24.6098,18,110,14.0625,13.3838,36,92,28.125,28.1483
PGS002799,GRS138_EA,Prostate cancer,138,138,0,0,0,30,108,21.7391,25.9212,44,94,31.8841,37.7933,30,108,21.7391,28.1804,39,99,28.2609,32.3752
PGS002808,PGS20_LC,Lung cancer,20,20,3,0,0,6,14,30,36.1476,9,11,45,62.8471,7,13,35,54.6719,11,9,55,69.6009
PGS002809,GRS_CAD,Coronary artery disease,205,205,0,0,0,55,150,26.8293,25.7776,86,119,41.9512,39.8892,66,139,32.1951,32.9809,61,144,29.7561,37.3701
PGS002810,GRS147_eGFR,Estimated glomerular filtration rate,147,147,27,0,0,25,122,17.0068,15.2248,41,106,27.8912,24.2398,24,123,16.3265,13.7473,17,130,11.5646,9.2934
PGS002821,ExPRSweb_AgeAtMenopause_ieu-a-1004_PT_UKB_20211120,Age at menopause,159,159,26,0,0,51,108,32.0755,34.5883,73,86,45.9119,49.1518,54,105,33.9623,36.8639,36,123,22.6415,27.5134
PGS002822,ExPRSweb_AgeAtMenopause_ieu-a-1004_PLINK_UKB_20211120,Age at menopause,159,159,26,0,0,51,108,32.0755,34.5883,73,86,45.9119,49.1518,54,105,33.9623,36.8639,36,123,22.6415,27.5134
PGS002826,ExPRSweb_Alcohol_20403_PT_MGI_20211120,Alcohol consumption,19,19,1,0,0,3,16,15.7895,26.5141,4,15,21.0526,16.9144,4,15,21.0526,32.8761,3,16,15.7895,24.6779
PGS002827,ExPRSweb_Alcohol_20403_PLINK_MGI_20211120,Alcohol consumption,25,25,3,0,0,3,22,12,9.6088,4,21,16,6.1299,4,21,16,11.9145,3,22,12,8.9434
PGS002833,ExPRSweb_Alcohol_DrinksPerWeek_DBSLMM_MGI_20211120,Alcohol consumption,232,232,34,0,0,14,218,6.0345,0.6575,25,207,10.7759,1.9913,14,218,6.0345,1.5689,11,221,4.7414,2.3975
PGS002838,ExPRSweb_Alcohol_DrinksPerWeek_DBSLMM_UKB_20211120,Alcohol consumption,137,137,21,0,0,11,126,8.0292,0,18,119,13.1387,0,10,127,7.2993,0,7,130,5.1095,0
PGS002870,ExPRSweb_CRP_30710-raw_PT_MGI_20211120,C-reactive protein,630,630,86,0,0,59,571,9.3651,6.9622,99,531,15.7143,13.7589,68,562,10.7937,9.8981,69,561,10.9524,12.5122
PGS002871,ExPRSweb_CRP_30710-raw_PLINK_MGI_20211120,C-reactive protein,837,837,99,0,1,57,780,6.81,2.7251,95,742,11.3501,5.3495,67,770,8.0048,3.929,75,762,8.9606,6.3074
PGS002875,ExPRSweb_CRP_prot-a-670_PT_MGI_20211120,C-reactive protein,5,5,0,0,0,1,4,20,18.6085,1,4,20,17.9099,1,4,20,18.6085,1,4,20,18.6085
PGS002876,ExPRSweb_CRP_prot-a-670_PLINK_MGI_20211120,C-reactive protein,5,5,0,0,0,1,4,20,18.6085,1,4,20,17.9099,1,4,20,18.6085,1,4,20,18.6085
PGS002880,ExPRSweb_CRP_28887542-GCST004941_PT_UKB_20211120,C-reactive protein,2,2,1,0,0,0,2,0,0,0,2,0,0,0,2,0,0,1,1,50,79.0698
PGS002881,ExPRSweb_CRP_28887542-GCST004941_PLINK_UKB_20211120,C-reactive protein,2,2,1,0,0,0,2,0,0,0,2,0,0,0,2,0,0,1,1,50,79.0698
PGS002882,ExPRSweb_CRP_28887542-GCST004941_DBSLMM_UKB_20211120,C-reactive protein,746,746,110,0,0,24,722,3.2172,2.3591,38,708,5.0938,2.3595,27,719,3.6193,2.3593,15,731,2.0107,2.1844
PGS002885,ExPRSweb_CRP_prot-a-670_PT_UKB_20211120,C-reactive protein,5,5,1,0,0,0,5,0,0,1,4,20,17.6442,0,5,0,0,0,5,0,0
PGS002886,ExPRSweb_CRP_prot-a-670_PLINK_UKB_20211120,C-reactive protein,5,5,1,0,0,0,5,0,0,1,4,20,17.6442,0,5,0,0,0,5,0,0
PGS002920,ExPRSweb_Estradiol_30800-raw_PT_MGI_20211120,Estradiol,4,4,1,0,0,0,4,0,0,1,3,25,18.5236,1,3,25,18.5236,1,3,25,18.5236
PGS002921,ExPRSweb_Estradiol_30800-raw_PLINK_MGI_20211120,Estradiol,98,98,21,0,0,0,98,0,0,1,97,1.0204,0.1143,1,97,1.0204,0.1143,2,96,2.0408,1.4981
PGS002924,ExPRSweb_FPG_FGovertime-corrected_LASSOSUM_MGI_20211120,Fasting Plasma Glucose,281,281,9,0,0,7,274,2.4911,0,17,264,6.0498,0,9,272,3.2028,0,6,275,2.1352,0
PGS002925,ExPRSweb_FPG_FGovertime-corrected_PT_MGI_20211120,Fasting Plasma Glucose,13,13,0,0,0,0,13,0,0,0,13,0,0,0,13,0,0,1,12,7.6923,6.7204
PGS002926,ExPRSweb_FPG_FGovertime-corrected_PLINK_MGI_20211120,Fasting Plasma Glucose,13,13,0,0,0,0,13,0,0,0,13,0,0,0,13,0,0,1,12,7.6923,6.7204
PGS002928,ExPRSweb_FPG_FGovertime-corrected_PRSCS_MGI_20211120,Fasting Plasma Glucose,392,392,0,0,0,189,203,48.2143,55.6154,254,138,64.7959,65.9966,179,213,45.6633,52.4714,71,321,18.1122,15.059
PGS002930,ExPRSweb_FPG_MAGIC-FastingGlucose_PT_MGI_20211120,Fasting Plasma Glucose,264,264,52,0,0,67,197,25.3788,20.0593,106,158,40.1515,36.2791,74,190,28.0303,23.5215,57,207,21.5909,25.3267
PGS002931,ExPRSweb_FPG_MAGIC-FastingGlucose_PLINK_MGI_20211120,Fasting Plasma Glucose,273,273,54,0,0,67,206,24.5421,17.8366,106,167,38.8278,32.379,74,199,27.1062,20.9152,58,215,21.2454,24.3891
PGS002944,ExPRSweb_Glucose_FGovertime-corrected_LASSOSUM_UKB_20211120,Glucose,519,519,13,0,0,7,512,1.3487,1.8419,17,502,3.2755,3.0081,9,510,1.7341,2.21,8,511,1.5414,2.1521
PGS002948,ExPRSweb_Glucose_FGovertime-corrected_PRSCS_UKB_20211120,Glucose,392,392,0,0,0,189,203,48.2143,55.7735,254,138,64.7959,66.2621,179,213,45.6633,51.4565,71,321,18.1122,16.9698
PGS002950,ExPRSweb_Glucose_MAGIC-FastingGlucose_PT_UKB_20211120,Glucose,38,38,11,0,0,11,27,28.9474,21.02,21,17,55.2632,52.1709,17,21,44.7368,35.5617,19,19,50,55.5479
PGS002951,ExPRSweb_Glucose_MAGIC-FastingGlucose_PLINK_UKB_20211120,Glucose,38,38,11,0,0,11,27,28.9474,21.02,21,17,55.2632,52.1709,17,21,44.7368,35.5617,19,19,50,55.5479
PGS003007,ExPRSweb_Hypertension_finngen-R4-FG_DBSLMM_MGI_20211120,Hypertension,359,359,7,0,0,10,349,2.7855,0.4213,17,342,4.7354,1.4292,11,348,3.0641,0.436,9,350,2.507,0.733
PGS003012,ExPRSweb_Hypertension_finngen-R4-I9_DBSLMM_MGI_20211120,Hypertension,361,361,6,0,0,10,351,2.7701,0.4859,17,344,4.7091,1.5634,11,350,3.0471,0.5357,10,351,2.7701,0.7429
PGS003020,ExPRSweb_Hypertension_finngen-R4-FG_PT_UKB_20211120,Hypertension,24,24,0,0,0,0,24,0,0,1,23,4.1667,5.7163,0,24,0,0,1,23,4.1667,2.7885
PGS003021,ExPRSweb_Hypertension_finngen-R4-FG_PLINK_UKB_20211120,Hypertension,24,24,0,0,0,0,24,0,0,1,23,4.1667,5.7163,0,24,0,0,1,23,4.1667,2.7885
PGS003022,ExPRSweb_Hypertension_finngen-R4-FG_DBSLMM_UKB_20211120,Hypertension,56,56,3,0,0,2,54,3.5714,0.0801,3,53,5.3571,0.0801,2,54,3.5714,0.0801,1,55,1.7857,0
PGS003025,ExPRSweb_Hypertension_finngen-R4-I9_PT_UKB_20211120,Hypertension,9,9,0,0,0,0,9,0,0,1,8,11.1111,13.7514,0,9,0,0,1,8,11.1111,6.8028
PGS003026,ExPRSweb_Hypertension_finngen-R4-I9_PLINK_UKB_20211120,Hypertension,9,9,0,0,0,0,9,0,0,1,8,11.1111,13.7514,0,9,0,0,1,8,11.1111,6.8028
PGS003027,ExPRSweb_Hypertension_finngen-R4-I9_DBSLMM_UKB_20211120,Hypertension,59,59,2,0,0,2,57,3.3898,0.1677,3,56,5.0847,0.1677,2,57,3.3898,0.1677,2,57,3.3898,0
PGS003040,ExPRSweb_PUFAs_MAGNETIC-otPUFA_PT_UKB_20211120,Polyunsatturated fatty acids,13,13,2,0,0,1,12,7.6923,5.7914,3,10,23.0769,23.2599,2,11,15.3846,19.2567,3,10,23.0769,21.8123
PGS003041,ExPRSweb_PUFAs_MAGNETIC-otPUFA_PLINK_UKB_20211120,Polyunsatturated fatty acids,13,13,2,0,0,1,12,7.6923,5.7914,3,10,23.0769,23.2599,2,11,15.3846,19.2567,3,10,23.0769,21.8123
PGS003042,ExPRSweb_PUFAs_MAGNETIC-otPUFA_DBSLMM_UKB_20211120,Polyunsatturated fatty acids,272,272,38,0,0,15,257,5.5147,2.6633,23,249,8.4559,4.6965,18,254,6.6176,3.9554,19,253,6.9853,2.967
PGS003062,ExPRSweb_Smoking_SmokingInitiation_DBSLMM_MGI_20211120,Smoking status,355,355,43,0,0,32,323,9.0141,0.3388,48,307,13.5211,0.6808,34,321,9.5775,0.5738,19,336,5.3521,1.0628
PGS003067,ExPRSweb_Smoking_SmokingInitiation_DBSLMM_UKB_20211120,Smoking status,244,244,31,0,0,26,218,10.6557,0.0196,37,207,15.1639,0.0196,26,218,10.6557,0.0196,14,230,5.7377,0.5948
PGS003095,ExPRSweb_T2D_29358691-GCST005413_PT_MGI_20211120,Type 2 diabetes (T2D),45,45,5,0,0,7,38,15.5556,11.2101,10,35,22.2222,15.4835,9,36,20,16.5228,17,28,37.7778,44.5411
PGS003096,ExPRSweb_T2D_29358691-GCST005413_PLINK_MGI_20211120,Type 2 diabetes (T2D),46,46,5,0,0,7,39,15.2174,10.4297,10,36,21.7391,14.4057,9,37,19.5652,15.3727,17,29,36.9565,41.4407
PGS003097,ExPRSweb_T2D_29358691-GCST005413_DBSLMM_MGI_20211120,Type 2 diabetes (T2D),229,229,27,0,0,17,212,7.4236,2.249,25,204,10.917,3.3714,22,207,9.607,2.6425,29,200,12.6638,1.6974
PGS003105,ExPRSweb_T2D_METAANALYSIS-DIAGRAM_PT_MGI_20211120,Type 2 diabetes (T2D),187,187,28,0,0,30,157,16.0428,8.7571,47,140,25.1337,16.7226,39,148,20.8556,11.8836,42,145,22.4599,16.1251
PGS003106,ExPRSweb_T2D_METAANALYSIS-DIAGRAM_PLINK_MGI_20211120,Type 2 diabetes (T2D),187,187,28,0,0,30,157,16.0428,8.7571,47,140,25.1337,16.7226,39,148,20.8556,11.8836,42,145,22.4599,16.1251
PGS003107,ExPRSweb_T2D_METAANALYSIS-DIAGRAM_DBSLMM_MGI_20211120,Type 2 diabetes (T2D),995,995,156,0,0,48,947,4.8241,1.7641,90,905,9.0452,3.6125,65,930,6.5327,2.6287,81,914,8.1407,4.0542
PGS003110,ExPRSweb_T2D_29358691-GCST005413_PT_UKB_20211120,Type 2 diabetes (T2D),118,118,14,0,0,16,102,13.5593,9.5035,24,94,20.339,15.627,20,98,16.9492,12.7813,28,90,23.7288,28.4914
PGS003111,ExPRSweb_T2D_29358691-GCST005413_PLINK_UKB_20211120,Type 2 diabetes (T2D),143,143,17,0,0,16,127,11.1888,4.5369,24,119,16.7832,7.4602,20,123,13.986,6.1017,28,115,19.5804,13.6017
PGS003112,ExPRSweb_T2D_29358691-GCST005413_DBSLMM_UKB_20211120,Type 2 diabetes (T2D),222,222,23,0,0,15,207,6.7568,3.1943,21,201,9.4595,4.5194,18,204,8.1081,3.9411,28,194,12.6126,2.3136
PGS003120,ExPRSweb_T2D_METAANALYSIS-DIAGRAM_PT_UKB_20211120,Type 2 diabetes (T2D),193,193,30,0,0,28,165,14.5078,7.6367,43,150,22.2798,14.6337,36,157,18.6528,10.3413,40,153,20.7254,14.4681
PGS003121,ExPRSweb_T2D_METAANALYSIS-DIAGRAM_PLINK_UKB_20211120,Type 2 diabetes (T2D),193,193,30,0,0,28,165,14.5078,7.6367,43,150,22.2798,14.6337,36,157,18.6528,10.3413,40,153,20.7254,14.4681
PGS003122,ExPRSweb_T2D_METAANALYSIS-DIAGRAM_DBSLMM_UKB_20211120,Type 2 diabetes (T2D),264,264,39,0,0,24,240,9.0909,1.3957,42,222,15.9091,2.9174,31,233,11.7424,2.0963,37,227,14.0152,2.7468
PGS003125,ExPRSweb_Thinness_STILTS-UKHLS_PT_MGI_20211120,Thinness,256,256,35,0,0,20,236,7.8125,4.7885,31,225,12.1094,7.2473,23,233,8.9844,5.8655,24,232,9.375,8.7737
PGS003126,ExPRSweb_Thinness_STILTS-UKHLS_PLINK_MGI_20211120,Thinness,351,351,52,0,0,20,331,5.698,2.5612,31,320,8.8319,3.8763,23,328,6.5527,3.1372,25,326,7.1225,5.0805
PGS003165,ExPRSweb_VitB12_Wood-et-al-2013-1000G_PT_MGI_20211120,Vitamin B12,9,9,1,0,0,1,8,11.1111,3.5742,2,7,22.2222,8.0994,0,9,0,0,1,8,11.1111,3.5742
PGS003166,ExPRSweb_VitB12_Wood-et-al-2013-1000G_PLINK_MGI_20211120,Vitamin B12,9,9,1,0,0,1,8,11.1111,3.5742,2,7,22.2222,8.0994,0,9,0,0,1,8,11.1111,3.5742
PGS003175,ExPRSweb_VitD_100021-irnt_PT_MGI_20211120,Vitamin D,11,11,3,0,0,0,11,0,0,1,10,9.0909,6.0072,1,10,9.0909,6.0072,0,11,0,0
PGS003176,ExPRSweb_VitD_100021-irnt_PLINK_MGI_20211120,Vitamin D,19,19,3,0,0,0,19,0,0,1,18,5.2632,0.9836,1,18,5.2632,0.9836,0,19,0,0
PGS003180,ExPRSweb_VitD_100021-raw_PT_MGI_20211120,Vitamin D,5,5,0,0,0,2,3,40,33.6528,3,2,60,51.3831,3,2,60,51.3831,0,5,0,0
PGS003181,ExPRSweb_VitD_100021-raw_PLINK_MGI_20211120,Vitamin D,15,15,1,0,0,2,13,13.3333,1.5829,3,12,20,2.4169,3,12,20,2.4169,0,15,0,0
PGS003185,ExPRSweb_VitD_29343764-GCST005367_PT_MGI_20211120,Vitamin D,16,16,2,0,0,3,13,18.75,12.929,4,12,25,16.5757,2,14,12.5,8.3268,4,12,25,37.9875
PGS003186,ExPRSweb_VitD_29343764-GCST005367_PLINK_MGI_20211120,Vitamin D,15,15,3,0,0,2,13,13.3333,22.515,4,11,26.6667,31.3758,2,13,13.3333,22.515,4,11,26.6667,40.2366
PGS003190,ExPRSweb_VitD_30890-irnt_PT_MGI_20211120,Vitamin D,495,495,80,0,0,47,448,9.4949,5.7783,73,422,14.7475,9.7998,62,433,12.5253,10.3288,54,441,10.9091,11.2494
PGS003191,ExPRSweb_VitD_30890-irnt_PLINK_MGI_20211120,Vitamin D,605,605,102,0,1,48,557,7.9339,3.5021,78,527,12.8926,6.6969,63,542,10.4132,6.409,53,552,8.7603,6.0525
PGS003195,ExPRSweb_VitD_30890-raw_PT_MGI_20211120,Vitamin D,404,404,69,0,0,34,370,8.4158,5.2721,56,348,13.8614,9.6685,48,356,11.8812,10.3013,46,358,11.3861,10.5427
PGS003196,ExPRSweb_VitD_30890-raw_PLINK_MGI_20211120,Vitamin D,500,500,83,0,1,35,465,7,3.3832,59,441,11.8,6.2899,50,450,10,6.7011,46,454,9.2,5.9454
PGS003200,ExPRSweb_VitD_29343764-GCST005367_PT_UKB_20211120,Vitamin D,23,23,6,0,0,3,20,13.0435,10.608,4,19,17.3913,13.6,2,21,8.6957,6.832,5,18,21.7391,34.816
PGS003201,ExPRSweb_VitD_29343764-GCST005367_PLINK_UKB_20211120,Vitamin D,22,22,7,0,0,2,20,9.0909,18.2629,4,18,18.1818,25.4503,2,20,9.0909,18.2629,5,17,22.7273,36.4753
PGS003207,ExPRSweb_SleepApnea_finngen-R4-G6-SLEEPAPNO_DBSLMM_MGI_20211120,Sleep Apnea,355,355,6,0,0,9,346,2.5352,0.2457,15,340,4.2254,1.0359,10,345,2.8169,0.3577,9,346,2.5352,0.7621
PGS003216,ExPRSweb_SleepApnea_finngen-R4-G6-SLEEPAPNO_PLINK_UKB_20211120,Sleep Apnea,688,688,48,0,0,12,676,1.7442,1.4995,25,663,3.6337,3.3899,14,674,2.0349,2.0158,9,679,1.3081,0.9264
PGS003217,ExPRSweb_SleepApnea_finngen-R4-G6-SLEEPAPNO_DBSLMM_UKB_20211120,Sleep Apnea,46,46,2,0,0,1,45,2.1739,0.3286,1,45,2.1739,0.3286,1,45,2.1739,0.3286,1,45,2.1739,0
PGS003250,ExPRSweb_Creatine_CKDGen-1000Genomes-DiscoveryMeta-eGFRcrea_PT_MGI_20211120,estimated glomerular filtration rate (Creatine),108,108,13,0,0,17,91,15.7407,11.6492,28,80,25.9259,21.8019,20,88,18.5185,15.9722,11,97,10.1852,12.1376
PGS003251,ExPRSweb_Creatine_CKDGen-1000Genomes-DiscoveryMeta-eGFRcrea_PLINK_MGI_20211120,estimated glomerular filtration rate (Creatine),108,108,13,0,0,17,91,15.7407,11.6492,28,80,25.9259,21.8019,20,88,18.5185,15.9722,11,97,10.1852,12.1376
PGS003255,ExPRSweb_Creatine_eGFRcrea-overall-EA_PT_MGI_20211120,estimated glomerular filtration rate (Creatine),352,352,35,0,0,153,199,43.4659,35.5505,228,124,64.7727,56.6647,188,164,53.4091,45.4105,178,174,50.5682,54.4777
PGS003256,ExPRSweb_Creatine_eGFRcrea-overall-EA_PLINK_MGI_20211120,estimated glomerular filtration rate (Creatine),641,641,72,0,0,159,482,24.805,4.4174,245,396,38.2215,8.6703,209,432,32.6053,8.568,223,418,34.7894,14.2819
PGS003260,ExPRSweb_Creatine_eGFRcrea-overall-IV-2GC_PT_MGI_20211120,estimated glomerular filtration rate (Creatine),234,234,32,0,0,74,160,31.6239,31.0127,122,112,52.1368,51.6759,83,151,35.4701,36.3095,40,194,17.094,19.2349
PGS003261,ExPRSweb_Creatine_eGFRcrea-overall-IV-2GC_PLINK_MGI_20211120,estimated glomerular filtration rate (Creatine),234,234,32,0,0,74,160,31.6239,31.0127,122,112,52.1368,51.6759,83,151,35.4701,36.3095,40,194,17.094,19.2349
PGS003265,ExPRSweb_Creatine_CKDGen-1000Genomes-DiscoveryMeta-eGFRcrea_PT_UKB_20211120,estimated glomerular filtration rate (Creatine),176,176,27,0,0,24,152,13.6364,6.9849,43,133,24.4318,13.8309,30,146,17.0455,9.9435,18,158,10.2273,7.995
PGS003266,ExPRSweb_Creatine_CKDGen-1000Genomes-DiscoveryMeta-eGFRcrea_PLINK_UKB_20211120,estimated glomerular filtration rate (Creatine),176,176,27,0,0,25,151,14.2045,7.2095,44,132,25,14.0552,30,146,17.0455,9.943,18,158,10.2273,7.9946
PGS003270,ExPRSweb_Creatine_eGFRcrea-overall-EA_PT_UKB_20211120,estimated glomerular filtration rate (Creatine),314,314,35,0,0,135,179,42.9936,35.1315,202,112,64.3312,56.1477,169,145,53.8217,46.1743,160,154,50.9554,54.3693
PGS003271,ExPRSweb_Creatine_eGFRcrea-overall-EA_PLINK_UKB_20211120,estimated glomerular filtration rate (Creatine),600,600,68,0,0,141,459,23.5,3.4671,217,383,36.1667,6.4883,191,409,31.8333,7.4558,207,393,34.5,15.3443
PGS003275,ExPRSweb_Creatine_eGFRcrea-overall-IV-2GC_PT_UKB_20211120,estimated glomerular filtration rate (Creatine),458,458,70,0,0,136,322,29.6943,28.9682,211,247,46.0699,45.8241,142,316,31.0044,31.5848,59,399,12.8821,14.1282
PGS003276,ExPRSweb_Creatine_eGFRcrea-overall-IV-2GC_PLINK_UKB_20211120,estimated glomerular filtration rate (Creatine),458,458,70,0,0,136,322,29.6943,28.9682,211,247,46.0699,45.8241,142,316,31.0044,31.5848,59,399,12.8821,14.1282
PGS003280,ExPRSweb_CysC_30720-irnt_PT_MGI_20211120,Cystatin C,346,346,61,0,0,33,313,9.5376,6.4793,58,288,16.763,10.399,35,311,10.1156,6.3741,42,304,12.1387,13.3587
PGS003281,ExPRSweb_CysC_30720-irnt_PLINK_MGI_20211120,Cystatin C,415,415,69,0,1,32,383,7.7108,3.379,56,359,13.494,5.1496,34,381,8.1928,3.3303,38,377,9.1566,5.3991
PGS003285,ExPRSweb_CysC_30720-raw_PT_MGI_20211120,Cystatin C,931,931,141,0,0,106,825,11.3856,7.543,166,765,17.8303,12.3163,118,813,12.6745,9.2826,116,815,12.4597,13.3119
PGS003290,ExPRSweb_CysC_CKDGen-1000Genomes-DiscoveryMeta-eGFRcys_PT_MGI_20211120,estimated glomerular filtration rate (Cystatin C),48,48,9,0,0,5,43,10.4167,8.2409,7,41,14.5833,10.5289,6,42,12.5,9.7663,4,44,8.3333,4.816
PGS003291,ExPRSweb_CysC_CKDGen-1000Genomes-DiscoveryMeta-eGFRcys_PLINK_MGI_20211120,estimated glomerular filtration rate (Cystatin C),49,49,9,0,0,5,44,10.2041,8.12,7,42,14.2857,10.3743,6,43,12.2449,9.6229,4,45,8.1633,4.7453
PGS003295,ExPRSweb_CysC_eGFRcys-overall-EA_PT_MGI_20211120,estimated glomerular filtration rate (Cystatin C),42,42,2,0,0,21,21,50,43.4551,30,12,71.4286,54.7457,25,17,59.5238,49.0912,23,19,54.7619,60.492
PGS003296,ExPRSweb_CysC_eGFRcys-overall-EA_PLINK_MGI_20211120,estimated glomerular filtration rate (Cystatin C),87,87,9,0,0,23,64,26.4368,7.7654,36,51,41.3793,11.3189,31,56,35.6322,14.4418,31,56,35.6322,16.961
PGS003300,ExPRSweb_CysC_eGFRcys-overall-IV-2GC_PT_MGI_20211120,estimated glomerular filtration rate (Cystatin C),203,203,21,0,0,75,128,36.9458,35.2921,113,90,55.665,55.2879,79,124,38.9163,37.3624,30,173,14.7783,13.3658
PGS003301,ExPRSweb_CysC_eGFRcys-overall-IV-2GC_PLINK_MGI_20211120,estimated glomerular filtration rate (Cystatin C),204,204,21,0,0,75,129,36.7647,35.0252,114,90,55.8824,55.6261,79,125,38.7255,37.0798,30,174,14.7059,13.2647
PGS003305,ExPRSweb_CysC_CKDGen-1000Genomes-DiscoveryMeta-eGFRcys_PT_UKB_20211120,estimated glomerular filtration rate (Cystatin C),15,15,5,0,0,2,13,13.3333,13.4766,3,12,20,16.9922,3,12,20,16.9922,2,13,13.3333,5.0944
PGS003306,ExPRSweb_CysC_CKDGen-1000Genomes-DiscoveryMeta-eGFRcys_PLINK_UKB_20211120,estimated glomerular filtration rate (Cystatin C),15,15,5,0,0,2,13,13.3333,13.4285,3,12,20,16.9316,3,12,20,16.9316,2,13,13.3333,5.0762
PGS003310,ExPRSweb_CysC_eGFRcys-overall-EA_PT_UKB_20211120,estimated glomerular filtration rate (Cystatin C),6,6,0,0,0,4,2,66.6667,84.6422,5,1,83.3333,91.9721,4,2,66.6667,84.6422,5,1,83.3333,92.6702
PGS003311,ExPRSweb_CysC_eGFRcys-overall-EA_PLINK_UKB_20211120,estimated glomerular filtration rate (Cystatin C),7,7,0,0,0,4,3,57.1429,78.4628,6,1,85.7143,92.6341,5,2,71.4286,85.9087,6,1,85.7143,93.2746
PGS003315,ExPRSweb_CysC_eGFRcys-overall-IV-2GC_PT_UKB_20211120,estimated glomerular filtration rate (Cystatin C),2,2,0,0,0,1,1,50,36.8421,2,0,100,100,1,1,50,36.8421,0,2,0,0
PGS003316,ExPRSweb_CysC_eGFRcys-overall-IV-2GC_PLINK_UKB_20211120,estimated glomerular filtration rate (Cystatin C),2,2,0,0,0,1,1,50,36.8421,2,0,100,100,1,1,50,36.8421,0,2,0,0
PGS003320,ExPRSweb_Insomnia_1160_PT_MGI_20211120,Insomnia,147,147,22,0,0,10,137,6.8027,6.505,14,133,9.5238,8.6336,10,137,6.8027,6.2865,8,139,5.4422,4.9609
PGS003321,ExPRSweb_Insomnia_1160_PLINK_MGI_20211120,Insomnia,148,148,22,0,0,10,138,6.7568,5.7901,14,134,9.4595,7.6849,10,138,6.7568,5.5957,8,140,5.4054,4.4157
PGS003329,PRS19_gout,Gout,19,19,3,0,0,4,15,21.0526,31.2314,17,2,89.4737,90.2085,8,11,42.1053,50.6292,14,5,73.6842,76.0825
PGS003330,PRS-F8,Factor VIII levels,10,10,3,0,0,1,9,10,7.6359,2,8,20,51.8021,1,9,10,7.6359,3,7,30,55.7728
PGS003331,PHS290,Prostate cancer,290,290,30,0,0,30,260,10.3448,9.8245,57,233,19.6552,19.3897,34,256,11.7241,11.8872,54,236,18.6207,25.7565
PGS003334,PRS_dementia,dementia,27,27,2,0,0,2,25,7.4074,4.4776,4,23,14.8148,10.4478,4,23,14.8148,32.8358,9,18,33.3333,47.9744
PGS003335,GRS18_BC,Bladder cancer,18,18,0,0,0,15,3,83.3333,81.5217,16,2,88.8889,87.2428,15,3,83.3333,80.5458,16,2,88.8889,86.9312
PGS003336,CVGRS_FPG,Fasting plasma glucose,56,56,0,0,0,3,53,5.3571,7.6582,5,51,8.9286,10.0759,5,51,8.9286,9.6371,8,48,14.2857,16.2025
PGS003337,CVGRS_HbA1c,HbA1c,68,68,0,0,0,10,58,14.7059,12.1649,17,51,25,25.3911,11,57,16.1765,14.6168,14,54,20.5882,23.2104
PGS003338,CVGRS_HDL,HDL cholesterol,79,79,0,0,0,14,65,17.7215,16.925,19,60,24.0506,20.9606,14,65,17.7215,16.925,14,65,17.7215,15.6258
PGS003339,CVGRS_LDL,LDL cholesterol,65,65,0,1,0,8,57,12.3077,16.9646,11,54,16.9231,20.0996,9,56,13.8462,29.337,12,53,18.4615,22.3648
PGS003340,CVGRS_TG,Triglyceride level,65,65,0,0,0,10,55,15.3846,17.1955,14,51,21.5385,22.5756,9,56,13.8462,16.337,8,57,12.3077,11.3897
PGS003341,CVGRS_TC,Total cholesterol,91,91,0,0,0,12,79,13.1868,6.8181,21,70,23.0769,11.8744,14,77,15.3846,17.2307,13,78,14.2857,9.4052
PGS003342,CVGRS_ALT,Alanine aminotransferase level,51,51,0,0,0,7,44,13.7255,14.7697,16,35,31.3725,34.5048,7,44,13.7255,15.9478,10,41,19.6078,23.2894
PGS003343,CVGRS_AST,Aspartate aminotransferase level,54,54,0,0,0,8,46,14.8148,11.7441,12,42,22.2222,18.3085,8,46,14.8148,14.1452,7,47,12.963,35.9411
PGS003344,CVGRS_GGT,Gamma-glutamyl transferase,82,82,0,0,0,13,69,15.8537,15.2038,19,63,23.1707,23.0782,12,70,14.6341,13.9269,14,68,17.0732,28.3084
PGS003345,ALLGRS_FPG,Fasting plasma glucose,60,60,0,0,0,3,57,5,5.4605,5,55,8.3333,7.1843,5,55,8.3333,6.8714,9,51,15,20.5722
PGS003346,ALLGRS_HbA1c,HbA1c,74,74,0,0,0,11,63,14.8649,10.8816,18,56,24.3243,18.5257,12,62,16.2162,12.2987,16,58,21.6216,35.8458
PGS003347,ALLGRS_HDL,HDL cholesterol,92,92,0,0,0,16,76,17.3913,24.0008,23,69,25,33.1184,17,75,18.4783,16.1003,21,71,22.8261,43.9039
PGS003348,ALLGRS_LDL,LDL cholesterol,78,78,0,1,0,8,70,10.2564,7.3218,12,66,15.3846,11.1937,13,65,16.6667,42.7183,17,61,21.7949,24.6704
PGS003349,ALLGRS_TG,Triglyceride level,76,76,0,0,0,10,66,13.1579,7.1617,15,61,19.7368,14.009,12,64,15.7895,19.0909,11,65,14.4737,24.2592
PGS003350,ALLGRS_TC,Total cholesterol,102,102,0,0,0,12,90,11.7647,3.425,21,81,20.5882,5.9649,17,85,16.6667,34.0709,15,87,14.7059,13.2993
PGS003351,ALLGRS_ALT,Alanine aminotransferase level,57,57,0,1,0,7,50,12.2807,2.9725,16,41,28.0702,6.9444,7,50,12.2807,3.2096,11,46,19.2982,20.3577
PGS003352,ALLGRS_AST,Aspartate aminotransferase level,56,56,0,0,0,8,48,14.2857,8.3364,12,44,21.4286,12.996,8,48,14.2857,10.0407,7,49,12.5,25.5121
PGS003353,GRS_T2D,Type 2 diabetes (T2D),287,287,44,0,0,31,256,10.8014,10.3843,53,234,18.4669,18.9366,37,250,12.892,11.6243,51,236,17.77,20.4343
PGS003354,SSNS-GRS,Childhood steroid-sensitive nephrotic syndrome,5,5,0,0,0,0,5,0,0,0,5,0,0,0,5,0,0,0,5,0,0
PGS003378,PSA_PGS_128,Prostate-specific antigen (PSA) levels,128,128,17,0,0,15,113,11.7188,9.8381,30,98,23.4375,26.5359,18,110,14.0625,13.6386,21,107,16.4063,23.7759
PGS003382,best_SKCM,Skin cutaneous melanoma,672,672,0,0,0,80,592,11.9048,5.4534,134,538,19.9405,9.6384,85,587,12.6488,6.3866,85,587,12.6488,10.3351
PGS003384,best_GBM,Glioblastoma,910,910,0,0,0,87,823,9.5604,6.5619,134,776,14.7253,10.6214,94,816,10.3297,8.1448,94,816,10.3297,11.9087
PGS003386,best_COADREAD,Colorectal cancer,61,61,4,0,0,11,50,18.0328,19.6675,16,45,26.2295,26.708,12,49,19.6721,20.7132,19,42,31.1475,33.0093
PGS003391,best_LUCA,Lung cancer,133,133,24,0,0,10,123,7.5188,7.4639,18,115,13.5338,16.3089,13,120,9.7744,11.8956,27,106,20.3008,24.2548
PGS003392,best_LUSC,Lung squamous cell carcinoma,90,90,17,0,0,9,81,10,7.0664,17,73,18.8889,15.9136,9,81,10,7.0664,19,71,21.1111,23.8303
PGS003393,best_LUAD,Lung adenocarcinoma,74,74,10,0,0,8,66,10.8108,8.8006,13,61,17.5676,15.1776,8,66,10.8108,8.8006,14,60,18.9189,21.0628
PGS003394,PRS_Stepwise,Epithelial ovarian cancer,36,36,3,0,0,5,31,13.8889,14.6444,8,28,22.2222,20.1767,7,29,19.4444,18.4565,12,24,33.3333,32.1445
PGS003396,PRS-11ASN,Breast Cancer,11,11,1,0,0,0,11,0,0,1,10,9.0909,11.5607,0,11,0,0,2,9,18.1818,18.4971
PGS003397,PRS-42ASN,Breast Cancer,42,42,0,0,0,8,34,19.0476,16.1214,13,29,30.9524,30.2931,9,33,21.4286,23.0885,9,33,21.4286,20.5564
PGS003398,PRS-136EUR,Breast Cancer,136,136,9,0,0,43,93,31.6176,28.1912,61,75,44.8529,43.6665,45,91,33.0882,31.9254,104,32,76.4706,76.1044
PGS003399,PRS-209EUR,Breast Cancer,209,209,23,0,0,22,187,10.5263,11.1325,40,169,19.1388,19.5066,27,182,12.9187,14.3208,63,146,30.1435,35.3848
PGS003400,PRS97_obesity,Obesity,97,97,0,0,0,36,61,37.1134,33.7881,60,37,61.8557,63.0737,36,61,37.1134,37.9007,88,9,90.7216,90.9951
PGS003401,TG.PS,Triglyceride levels,108,108,8,0,0,61,47,56.4815,63.1402,79,29,73.1481,69.8992,67,41,62.037,66.2888,78,30,72.2222,76.2594
PGS003403,PRS28_LDL,LDL cholesterol,28,28,3,0,0,14,14,50,52.3651,18,10,64.2857,70.7846,16,12,57.1429,61.6583,24,4,85.7143,89.3712
PGS003404,wGRS,LDL cholesterol,10,10,1,0,0,4,6,40,47.1074,10,0,100,100,9,1,90,95.8678,10,0,100,100
PGS003405,165SNP_PRS,LDL cholesterol,169,169,0,6,0,65,104,38.4615,25.2133,113,56,66.8639,48.5779,86,83,50.8876,42.8358,103,66,60.9467,50.2544
PGS003412,PRS28_melanoma,Melanoma,28,28,4,0,0,3,25,10.7143,17.4246,6,22,21.4286,23.5082,3,25,10.7143,17.4246,9,19,32.1429,43.0747
PGS003413,rvPRS_IOP,Intraocular pressure,25,25,4,0,0,0,25,0,0,1,24,4,16.6667,1,24,4,16.6667,3,22,12,10
PGS003414,PRS47_RBD,REM sleep behavior disorder,47,47,0,0,0,5,42,10.6383,12.0713,5,42,10.6383,12.0713,7,40,14.8936,14.8599,6,41,12.766,19.0433
PGS003415,PGS268_PCa,Prostate cancer,268,268,28,0,0,23,245,8.5821,7.6852,45,223,16.791,13.6016,24,244,8.9552,8.5782,45,223,16.791,21.7189
PGS003416,MTAGPRS,Basal cell carcinoma (MTAG),462,462,0,0,0,58,404,12.5541,11.7557,90,372,19.4805,16.8252,63,399,13.6364,13.4501,56,406,12.1212,15.5266
PGS003417,UKBPRS,Basal cell carcinoma,273,273,0,0,0,39,234,14.2857,14.9746,59,214,21.6117,20.8945,39,234,14.2857,16.6477,33,240,12.0879,15.9398
PGS003418,PRState_Eur,Prostate cancer,7,7,1,0,0,2,5,28.5714,13.6314,2,5,28.5714,13.6314,2,5,28.5714,13.6314,2,5,28.5714,13.6314
PGS003419,PRState_Trans,Prostate cancer,14,14,1,0,0,4,10,28.5714,20.4395,4,10,28.5714,20.4395,4,10,28.5714,20.4395,5,9,35.7143,29.445
PGS003420,PRS100_PRScs,Ankylosing spondylitis,100,100,0,0,0,49,51,49,47.7921,76,24,76,75.8012,47,53,47,43.156,64,36,64,66.4388
PGS003421,PRS16_C+T,Ankylosing spondylitis,16,16,0,1,0,5,11,31.25,23.6583,6,10,37.5,27.4499,7,9,43.75,34.4671,7,9,43.75,36.2593
PGS003422,PRS16_PRSice2,Ankylosing spondylitis,16,16,0,1,0,5,11,31.25,23.6583,6,10,37.5,27.4499,7,9,43.75,34.4671,7,9,43.75,36.2593
PGS003423,PRS100_Lassosum,Ankylosing spondylitis,100,100,0,6,0,24,76,24,23.2457,37,63,37,35.3901,25,75,25,22.4098,51,49,51,50.8501
PGS003424,PRS100_LDpred2,Ankylosing spondylitis,100,100,0,5,0,20,80,20,20.0032,38,62,38,39.1109,21,79,21,19.7524,40,60,40,41.578
PGS003427,lvmi,Left ventricular mass index (LVMI),465,465,0,0,0,53,412,11.3978,7.0772,84,381,18.0645,11.5806,54,411,11.6129,7.7325,53,412,11.3978,11.1873
PGS003430,GTG_Melanoma,Melanoma,68,68,0,0,0,21,47,30.8824,28.2055,27,41,39.7059,37.0726,22,46,32.3529,33.6526,28,40,41.1765,61.3088
PGS003436,GWAS-sig,Colorectal cancer,50,50,0,0,0,12,38,24,23.8106,19,31,38,37.8667,9,41,18,18.9337,18,32,36,44.4324
PGS003437,PRS23_TC,Thyroid cancer,23,23,0,0,0,5,18,21.7391,12.9284,8,15,34.7826,21.1425,6,17,26.087,15.1173,7,16,30.4348,32.7841
PGS003438,PRS241_CAD,Coronary artery disease,241,241,33,0,0,35,206,14.5228,14.4952,63,178,26.1411,26.9282,43,198,17.8423,20.9293,47,194,19.5021,25.6561
PGS003439,PRSCC_140,Colorectal cancer,140,140,11,0,0,23,117,16.4286,14.2472,34,106,24.2857,20.3752,24,116,17.1429,14.1466,32,108,22.8571,23.4724
PGS003440,GRS11_nonapoeAD,Alzheimer's disease in non APOE,11,11,0,0,0,7,4,63.6364,67.209,8,3,72.7273,76.3063,7,4,63.6364,67.209,8,3,72.7273,75.1252
PGS003441,GRS28_AD,Alzheimer's disease,28,28,0,0,0,14,14,50,58.1198,16,12,57.1429,62.4285,14,14,50,58.1198,15,13,53.5714,65.0842
PGS003442,GRS8_MD,Major depressive disorder,8,8,0,0,0,3,5,37.5,35.4248,3,5,37.5,35.4248,3,5,37.5,35.4248,1,7,12.5,14.5362
PGS003447,PRS14_endo,Endometriosis,14,14,3,0,0,2,12,14.2857,12.9423,2,12,14.2857,12.9423,1,13,7.1429,6.7968,2,12,14.2857,12.9423
PGS003448,PRS15_ALL,Acute lymphoblastic leukemia,15,15,3,0,0,6,9,40,34.7868,10,5,66.6667,75.3022,9,6,60,70.4266,7,8,46.6667,51.5277
PGS003449,PRS21_HL,Hodgkin lymphoma,21,21,0,0,0,15,6,71.4286,77.011,16,5,76.1905,79.6467,14,7,66.6667,73.3347,11,10,52.381,61.9266
PGS003450,PRS24_MM,Multiple myeloma,24,24,3,0,0,8,16,33.3333,44.5115,14,10,58.3333,65.5126,8,16,33.3333,44.5115,9,15,37.5,36.6179
PGS003451,PRS2_MZL,Marginal zone lymphoma,2,2,1,0,0,0,2,0,0,0,2,0,0,0,2,0,0,1,1,50,66.4162
PGS003452,PRS2_WM,Waldenström macroglobulinemia,2,2,1,0,0,0,2,0,0,0,2,0,0,0,2,0,0,1,1,50,34.2478
PGS003453,PRS43_CLL,Chronic lymphocytic leukemia,43,43,2,0,0,21,22,48.8372,55.7662,31,12,72.093,79.092,24,19,55.814,62.2696,30,13,69.7674,77.3231
PGS003454,PRS5_DLBCL,Diffuse large B-cell lymphoma,5,5,2,0,0,2,3,40,21.1456,2,3,40,21.1456,2,3,40,21.1456,3,2,60,38.1304
PGS003455,PRS7_FL,Follicular lymphoma,7,7,1,0,0,2,5,28.5714,23.2108,3,4,42.8571,37.7688,2,5,28.5714,23.2108,5,2,71.4286,55.4836
PGS003456,PRS273_VTE,Venous thromboembolism,273,273,44,0,0,27,246,9.8901,7.1921,49,224,17.9487,12.6789,26,247,9.5238,9.1554,35,238,12.8205,14.728
PGS003458,PRS_AT,General atopic disease,124,124,16,0,0,17,107,13.7097,12.3952,28,96,22.5806,23.2034,22,102,17.7419,20.9016,19,105,15.3226,16.1459
PGS003459,PRS_CO,Atopic eczema or atopic disease,170,170,27,0,0,19,151,11.1765,9.9433,36,134,21.1765,18.204,23,147,13.5294,13.1359,19,151,11.1765,13.104
PGS003460,PRS278_PCa,Prostate cancer,278,278,30,4,0,22,256,7.9137,7.0172,43,235,15.4676,12.337,25,253,8.9928,12.4728,44,234,15.8273,24.3463
PGS003461,GRS162_AF,Atrial fibrillation,162,162,19,0,0,24,138,14.8148,11.8251,35,127,21.6049,16.9915,23,139,14.1975,10.6446,26,136,16.0494,15.603
PGS003486,PRS_AE,Atopic eczema,71,71,15,0,0,8,63,11.2676,10.116,16,55,22.5352,18.2063,9,62,12.6761,11.3483,6,65,8.4507,12.2594
PGS003487,PRS_IL4,General atopic disease (IL-4 related variants),25,25,1,0,0,3,22,12,13.8037,5,20,20,18.147,3,22,12,13.8037,6,19,24,28.4662
PGS003488,PRS_IL12,General atopic disease (IL-12 related variants),10,10,0,0,0,3,7,30,36.9004,4,6,40,41.4821,3,7,30,36.9004,4,6,40,33.2725
PGS003489,PRS_IL17,General atopic disease (IL-17 related variants),18,18,1,0,0,2,16,11.1111,12.9177,4,14,22.2222,19.1731,2,16,11.1111,12.9177,2,16,11.1111,8.4233
PGS003574,GRS_Dementia21,Alzheimer's disease (late onset),21,21,0,0,0,5,16,23.8095,37.6402,10,11,47.619,65.5764,8,13,38.0952,61.1938,20,1,95.2381,96.3296
PGS003575,mloy-PRS,Mosaic loss of chromosome Y,114,114,18,0,0,16,98,14.0351,18.2533,21,93,18.4211,21.8341,18,96,15.7895,21.1354,14,100,12.2807,17.5546
PGS003592,L_GC-ML-DG_body_trans_ancestry_meta_analysis,Left granule cell and molecular layer of the dentate gyrus body volume,527,527,0,0,0,76,451,14.4213,12.5338,128,399,24.2884,21.4361,81,446,15.37,13.6013,59,468,11.1954,11.3976
PGS003594,R_GC-ML-DG_body_trans_ancestry_meta_analysis,Right granule cell and molecular layer of the dentate gyrus body volume,12,12,0,0,0,3,9,25,20.3428,8,4,66.6667,67.6583,4,8,33.3333,26.8841,2,10,16.6667,22.1754
PGS003596,L_GC-ML-DG_body_UKBB_EUR_GWAS,Left granule cell and molecular layer of the dentate gyrus body volume,346,346,0,0,0,45,301,13.0058,12.462,82,264,23.6994,21.4757,47,299,13.5838,12.0978,37,309,10.6936,10.1058
PGS003597,R_GC-ML-DG_head_UKBB_EUR_GWAS,Right granule cell and molecular layer of the dentate gyrus head volume,283,283,0,0,0,52,231,18.3746,17.4866,74,209,26.1484,23.9648,47,236,16.6078,15.9793,41,242,14.4876,14.1336
PGS003610,L_CA1_head_trans_ancestry_meta_analysis,Left CA1 head volume,792,792,0,0,0,151,641,19.0657,16.8361,204,588,25.7576,23.2425,146,646,18.4343,16.3828,89,703,11.2374,12.3355
PGS003613,L_CA1_body_UKBB_EUR_GWAS,Left CA1 body volume,8,8,0,0,0,0,8,0,0,0,8,0,0,0,8,0,0,0,8,0,0
PGS003617,L_CA1_body_CHIMGEN_EAS_GWAS,Left CA1 body volume,205,205,0,0,0,16,189,7.8049,5.023,38,167,18.5366,12.6967,19,186,9.2683,5.9441,19,186,9.2683,7.6835
PGS003618,L_CA1_head_CHIMGEN_EAS_GWAS,Left CA1 head volume,57,57,0,0,0,8,49,14.0351,11.6415,13,44,22.807,17.8737,9,48,15.7895,12.8098,9,48,15.7895,14.4811
PGS003619,R_CA1_body_CHIMGEN_EAS_GWAS,Right CA1 body volume,189,189,0,0,0,16,173,8.4656,6.752,32,157,16.9312,12.6531,21,168,11.1111,8.1718,19,170,10.0529,11.2701
PGS003624,R_CA3_head_trans_ancestry_meta_analysis,Right CA3 head volume,594,594,0,0,0,97,497,16.33,14.1679,152,442,25.5892,22.667,95,499,15.9933,13.7834,69,525,11.6162,12.7238
PGS003634,L_CA4_body_trans_ancestry_meta_analysis,Left CA4 body volume,375,375,0,0,0,50,325,13.3333,11.8586,88,287,23.4667,22.023,52,323,13.8667,12.3805,46,329,12.2667,13.2187
PGS003638,L_CA4_body_UKBB_EUR_GWAS,Left CA4 body volume,894,894,0,0,0,125,769,13.9821,12.0486,226,668,25.2796,22.5657,134,760,14.9888,12.9826,92,802,10.2908,10.8012
PGS003640,R_CA4_body_UKBB_EUR_GWAS,Right CA4 body volume,497,497,0,0,0,79,418,15.8954,13.6548,127,370,25.5533,22.8849,80,417,16.0966,14.2056,67,430,13.4809,16.4121
PGS003641,L_CA4_head_CHIMGEN_EAS_GWAS,Left CA4 head volume,48,48,0,0,0,3,45,6.25,4.4715,7,41,14.5833,10.1578,4,44,8.3333,5.7396,6,42,12.5,9.6848
PGS003651,L_hippocampal_tail_trans_ancestry_meta_analysis,Left hippocampal tail volume,324,324,0,0,0,41,283,12.6543,12.5077,72,252,22.2222,22.1184,36,288,11.1111,11.4579,33,291,10.1852,12.0392
PGS003652,R_hippocampal_tail_trans_ancestry_meta_analysis,Right hippocampal tail volume,25,25,0,0,0,7,18,28,25.3174,11,14,44,45.369,6,19,24,22.2839,3,22,12,16.3548
PGS003653,L_hippocampal_tail_UKBB_EUR_GWAS,Left hippocampal tail volume,19,19,0,0,0,5,14,26.3158,24.017,8,11,42.1053,44.8164,5,14,26.3158,24.017,2,17,10.5263,15.7965
PGS003654,R_hippocampal_tail_UKBB_EUR_GWAS,Right hippocampal tail volume,22,22,0,0,0,5,17,22.7273,18.8092,7,15,31.8182,33.9495,5,17,22.7273,18.8092,3,19,13.6364,18.3351
PGS003657,L_hippocampus_trans_ancestry_meta_analysis,Left hippocampus volume,753,753,0,0,0,106,647,14.077,12.4454,173,580,22.9748,21.1804,99,654,13.1474,12.0536,88,665,11.6866,12.5296
PGS003659,L_hippocampal_body_trans_ancestry_meta_analysis,Left hippocampal body volume,462,462,0,0,0,63,399,13.6364,12.1229,115,347,24.8918,22.4243,64,398,13.8528,12.508,53,409,11.4719,12.4857
PGS003661,R_hippocampal_body_trans_ancestry_meta_analysis,Right hippocampal body volume,279,279,0,0,0,52,227,18.638,17.9655,78,201,27.957,27.3039,56,223,20.0717,19.3578,28,251,10.0358,11.9611
PGS003663,L_hippocampus_UKBB_EUR_GWAS,Left hippocampus volume,197,197,0,0,0,32,165,16.2437,16.3578,53,144,26.9036,28.5963,32,165,16.2437,16.0546,17,180,8.6294,9.8226
PGS003665,L_hippocampal_body_UKBB_EUR_GWAS,Left hippocampal body volume,164,164,0,0,0,29,135,17.6829,17.298,49,115,29.878,29.0931,28,136,17.0732,17.0177,15,149,9.1463,9.5622
PGS003672,L_hippocampal_head_CHIMGEN_EAS_GWAS,Left hippocampal head volume,201,201,0,0,0,22,179,10.9453,7.0852,34,167,16.9154,11.0853,20,181,9.9502,6.5624,22,179,10.9453,9.7234
PGS003686,L_molecular_layer_HP_body_UKBB_EUR_GWAS,Left molecular layer hippocampus proper body volume,6,6,0,0,0,1,5,16.6667,15.8025,1,5,16.6667,15.8025,1,5,16.6667,15.8025,0,6,0,0
PGS003705,R_presubiculum_head_UKBB_EUR_GWAS,Right presubiculum head volume,98,98,0,0,0,12,86,12.2449,10.5745,21,77,21.4286,18.1768,15,83,15.3061,13.3154,8,90,8.1633,9.4046
PGS003708,L_presubiculum_body_CHIMGEN_EAS_GWAS,Left presubiculum body volume,231,231,0,0,0,28,203,12.1212,10.0042,44,187,19.0476,15.046,26,205,11.2554,9.5364,21,210,9.0909,9.1636
PGS003713,R_subiculum_body_trans_ancestry_meta_analysis,Right subiculum body volume,257,257,0,0,0,45,212,17.5097,16.104,76,181,29.572,27.849,46,211,17.8988,16.6746,28,229,10.8949,11.3894
PGS003717,R_subiculum_body_UKBB_EUR_GWAS,Right subiculum body volume,15,15,0,0,0,1,14,6.6667,8.8787,4,11,26.6667,28.5997,1,14,6.6667,8.8787,1,14,6.6667,10.029
PGS003728,PS_T2D_183-AGEN,Type 2 diabetes (T2D),183,183,26,0,0,18,165,9.8361,9.3753,29,154,15.847,16.7277,21,162,11.4754,10.6753,30,153,16.3934,19.9299
PGS003729,PS_T2D_293-DIAGRAM,Type 2 diabetes (T2D),293,293,52,0,0,45,248,15.3584,17.3898,77,216,26.2799,29.6941,50,243,17.0648,19.4227,58,235,19.7952,24.4103
PGS003730,PS_T2D_287-DIAMANTE,Type 2 diabetes (T2D),287,287,44,0,0,51,236,17.77,19.8192,77,210,26.8293,30.5938,56,231,19.5122,22.7766,51,236,17.77,23.0515
PGS003731,PS_T2D_282-SAS-DIAMANTE,Type 2 diabetes (T2D),282,282,43,0,0,50,232,17.7305,21.0127,76,206,26.9504,32.2793,54,228,19.1489,23.5684,50,232,17.7305,23.915
PGS003732,PS_T2D_287-HIS-DIAMANTE,Type 2 diabetes (T2D),287,287,44,0,0,51,236,17.77,16.8878,77,210,26.8293,29.0328,56,231,19.5122,20.4658,51,236,17.77,22.8135
PGS003733,PS_T2D_287-EUR-DIAMANTE,Type 2 diabetes (T2D),287,287,44,0,0,51,236,17.77,19.4704,77,210,26.8293,30.0566,56,231,19.5122,22.6031,51,236,17.77,23.0593
PGS003734,PS_T2D_280-EAS-DIAMANTE,Type 2 diabetes (T2D),280,280,44,0,0,50,230,17.8571,16.2689,76,204,27.1429,25.9772,55,225,19.6429,18.6447,49,231,17.5,19.2178
PGS003735,PS_T2D_276-AFR-DIAMANTE,Type 2 diabetes (T2D),276,276,43,0,0,49,227,17.7536,16.0442,75,201,27.1739,25.6752,54,222,19.5652,19.1057,49,227,17.7536,16.5929
PGS003736,PRS13_BlC,Bladder cancer,13,13,0,0,0,12,1,92.3077,93.3696,12,1,92.3077,93.3696,12,1,92.3077,93.3696,11,2,84.6154,81.9565
PGS003737,PRS26_BrC,Brain cancer,26,26,4,0,0,11,15,42.3077,31.992,11,15,42.3077,31.992,11,15,42.3077,49.4094,6,20,23.0769,34.7748
PGS003738,PRS136_BC,Breast cancer,136,136,11,0,0,42,94,30.8824,27.2024,60,76,44.1176,41.8577,41,95,30.1471,29.2,109,27,80.1471,80.5394
PGS003739,PRS81_CoC,Colorectal cancer,81,81,4,0,0,9,72,11.1111,11.8539,17,64,20.9877,21.4901,10,71,12.3457,13.2419,18,63,22.2222,24.4257
PGS003740,PRS16_CU,Corpus Uteri,16,16,0,0,0,2,14,12.5,13.2286,5,11,31.25,30.3599,2,14,12.5,13.2286,2,14,12.5,13.2286
PGS003741,PRS28_OC,Ovarian cancer,28,28,2,0,0,6,22,21.4286,12.8684,7,21,25,14.9024,6,22,21.4286,12.8684,11,17,39.2857,28.7671
PGS003742,PRS19_PC,Pancreatic cancer,19,19,2,0,0,8,11,42.1053,40.6573,15,4,78.9474,83.1299,9,10,47.3684,53.6776,14,5,73.6842,73.0203
PGS003743,PRS118_PrC,Prostate cancer,118,118,11,0,0,49,69,41.5254,48.3906,63,55,53.3898,58.6652,53,65,44.9153,52.5095,78,40,66.1017,71.2039
PGS003744,PRS14_RC,Renal cancer,14,14,2,0,0,5,9,35.7143,43.5737,5,9,35.7143,40.7971,5,9,35.7143,43.5737,12,2,85.7143,84.6395
PGS003745,PRS57_SM,Skin Melanoma,57,57,7,0,0,10,47,17.5439,24.7171,16,41,28.0702,33.9709,13,44,22.807,32.8933,12,45,21.0526,42.5916
PGS003746,PRS11_TC,Thyroid cancer,11,11,3,0,0,2,9,18.1818,23.9412,4,7,36.3636,31.4031,3,8,27.2727,29.1847,7,4,63.6364,66.4074
PGS003747,GRS341_SI,Smoking initiation,341,341,28,0,0,39,302,11.437,10.4577,70,271,20.5279,19.3157,37,304,10.8504,10.2355,26,315,7.6246,7.4211
PGS003748,GRS46_CPD,Cigarettes smoked per day,46,46,5,0,0,3,43,6.5217,4.0457,6,40,13.0435,15.0396,4,42,8.6957,13.5444,6,40,13.0435,24.5383
PGS003751,ModelT2D_over45,Type 2 diabetes (T2D),354,354,0,0,0,45,309,12.7119,9.3612,80,274,22.5989,17.195,56,298,15.8192,12.7638,65,289,18.3616,20.2036
PGS003752,ModelT2D,Type 2 diabetes (T2D),333,333,0,0,0,41,292,12.3123,8.8891,76,257,22.8228,17.1096,52,281,15.6156,12.4597,62,271,18.6186,20.4091
PGS003754,PRS22_OCstepwise,Nonmucinous Epithelial Ovarian Cancer,22,22,3,0,0,2,20,9.0909,6.5442,2,20,9.0909,6.5442,2,20,9.0909,6.5442,5,17,22.7273,16.664
PGS003755,wGRS_SLE,Systemic lupus erythematosus,122,122,18,10,0,20,102,16.3934,15.3193,32,90,26.2295,23.202,19,103,15.5738,15.5511,22,100,18.0328,21.5922
PGS003756,wGRS_SLE_non-HLA,Systemic lupus erythematosus,112,112,18,1,0,20,92,17.8571,17.9628,32,80,28.5714,27.2056,19,93,16.9643,18.2345,22,90,19.6429,25.318
PGS003757,wGRS_SLE_HLA,Systemic lupus erythematosus,10,10,0,10,0,0,10,0,0,0,10,0,0,0,10,0,0,0,10,0,0
PGS003760,PRS49_EOCRC,Early onset colorectal cancer,49,49,0,0,0,4,45,8.1633,6.4414,11,38,22.449,20.1305,3,46,6.1224,5.2411,1,48,2.0408,2.3843
PGS003761,PRS165_AF,Atrial fibrillation,165,165,19,0,0,26,139,15.7576,12.0969,37,128,22.4242,17.0676,24,141,14.5455,10.7945,26,139,15.7576,15.0118
PGS003762,PRS57_amyloid,Amyloid beta 42,57,57,0,0,0,16,41,28.0702,23.8132,24,33,42.1053,35.2169,15,42,26.3158,22.392,6,51,10.5263,10.9483
PGS003763,PRS44_PD,Parkinson's disease,44,44,2,0,0,5,39,11.3636,6.3346,9,35,20.4545,11.3427,10,34,22.7273,16.0376,22,22,50,45.6363
PGS003764,PRS78_sleep duration,Sleep duration,78,78,9,0,0,5,73,6.4103,6.5345,11,67,14.1026,13.0319,5,73,6.4103,6.5345,3,75,3.8462,3.9573
PGS003765,GRS.PCa.451,Prostate cancer,451,451,56,0,0,46,405,10.1996,8.3791,79,372,17.5166,13.9185,53,398,11.7517,14.7374,58,393,12.8603,20.8104
PGS003766,GRS.PCa.451.TOPMed,Prostate cancer,451,451,60,0,0,44,407,9.7561,6.5137,81,370,17.9601,12.4711,51,400,11.3082,12.872,58,393,12.8603,20.4591
PGS003769,HDL_AFR_CT,HDL cholesterol,198,198,0,0,0,61,137,30.8081,25.7091,94,104,47.4747,40.4907,71,127,35.8586,30.9074,58,140,29.2929,29.2525
PGS003774,HDL_EAS_CT,HDL cholesterol,117,117,0,0,0,26,91,22.2222,21.3286,36,81,30.7692,28.8052,25,92,21.3675,21.3464,23,94,19.6581,27.9374
PGS003779,HDL_SAS_CT,HDL cholesterol,71,71,0,0,0,32,39,45.0704,40.4095,39,32,54.9296,50.2504,30,41,42.2535,38.2567,23,48,32.3944,29.914
PGS003786,LDL_AFR_CT,LDL cholesterol,188,188,0,0,0,46,142,24.4681,19.7237,78,110,41.4894,36.3376,52,136,27.6596,29.0748,47,141,25,26.1749
PGS003791,LDL_EAS_CT,LDL cholesterol,80,80,0,0,0,13,67,16.25,13.9326,37,43,46.25,46.4726,18,62,22.5,26.6158,24,56,30,33.2984
PGS003796,LDL_SAS_CT,LDL cholesterol,25,25,0,0,0,6,19,24,29.7804,11,14,44,45.6728,8,17,32,34.2768,10,15,40,43.6829
PGS003803,logTG_AFR_CT,Log triglycerides,116,116,0,0,0,31,85,26.7241,24.8545,50,66,43.1034,37.0073,31,85,26.7241,27.0621,32,84,27.5862,23.3182
PGS003808,logTG_EAS_CT,Log triglycerides,109,109,0,0,0,24,85,22.0183,19.0869,43,66,39.4495,35.5398,26,83,23.8532,23.3718,35,74,32.1101,38.3512
PGS003813,logTG_SAS_CT,Log triglycerides,40,40,0,0,0,13,27,32.5,23.7651,18,22,45,33.9679,14,26,35,26.7624,14,26,35,37.3853
PGS003820,TC_AFR_CT,Total cholesterol,218,218,0,0,0,64,154,29.3578,22.5719,105,113,48.1651,41.7874,71,147,32.5688,32.6543,61,157,27.9817,29.3072
PGS003825,TC_EAS_CT,Total cholesterol,230,230,0,0,0,43,187,18.6957,19.3965,61,169,26.5217,27.1308,45,185,19.5652,21.465,55,175,23.913,32.8749
PGS003830,TC_SAS_CT,Total cholesterol,32,32,0,0,0,11,21,34.375,25.1382,15,17,46.875,36.8462,12,20,37.5,27.0214,16,16,50,50.3855
PGS003837,height_AFR_CT,Height,49,49,0,0,0,15,34,30.6122,29.5552,26,23,53.0612,50.3826,15,34,30.6122,29.5552,21,28,42.8571,39.1751
PGS003844,bmi_AFR_CT,Body mass index (BMI),87,87,0,0,0,19,68,21.8391,15.1597,38,49,43.6782,32.4464,21,66,24.1379,16.7362,27,60,31.0345,23.0591
PGS003850,CRC_PRS_200loci,Colorectal cancer,205,205,21,0,0,38,167,18.5366,17.0399,57,148,27.8049,25.0285,41,164,20,18.3666,42,163,20.4878,20.6205
PGS003853,PRS60_TC,Total cholesterol,60,60,3,0,0,22,38,36.6667,19.9862,39,21,65,39.4731,31,29,51.6667,57.7025,42,18,70,57.3999
PGS003854,PRS40_TG,Triglycerides,40,40,1,0,0,16,24,40,48.5232,27,13,67.5,73.501,20,20,50,56.6475,29,11,72.5,69.1546
PGS003855,PRS44_LDL,LDL cholesterol,44,44,3,0,0,9,35,20.4545,9.2583,22,22,50,30.2111,16,28,36.3636,56.396,25,19,56.8182,40.0973
PGS003856,PRS59_HDL,HDL cholesterol,59,59,5,0,0,32,27,54.2373,56.5647,43,16,72.8814,70.0644,35,24,59.322,61.0762,41,18,69.4915,73.4851
PGS003857,GRS18_BMIunadj,Obstructive sleep apnea,18,18,2,0,0,3,15,16.6667,21.4086,6,12,33.3333,41.5275,5,13,27.7778,37.6444,5,13,27.7778,30.5411
PGS003858,GRS6_BMIadj,Obstructive sleep apnea (BMI adjusted),6,6,1,0,0,2,4,33.3333,21.473,2,4,33.3333,21.473,2,4,33.3333,21.473,1,5,16.6667,12.4547
PGS003859,GRS129_insomnia,Insomnia,129,129,15,0,0,18,111,13.9535,13.1827,30,99,23.2558,27.0248,22,107,17.0543,21.4134,13,116,10.0775,9.0015
PGS003861,PRS288_PE,Pulmonary embolism,288,288,0,0,0,67,221,23.2639,16.5001,130,158,45.1389,33.3437,66,222,22.9167,17.2697,233,55,80.9028,86.0317
PGS003862,multiancestry_LF_GRS_FF_weights_EUR,Lung function (FEV1/FVC),442,442,67,0,0,68,374,15.3846,14.7954,105,337,23.7557,22.1425,66,376,14.9321,14.4791,43,399,9.7285,14.4307
PGS003863,multiancestry_LF_GRS_FF_weights_AFR,Lung function (FEV1/FVC),437,437,65,0,0,68,369,15.5606,14.3376,105,332,24.0275,21.8473,66,371,15.103,12.7132,42,395,9.611,14.7584
PGS003864,multiancestry_LF_GRS_FF_weights_AMR,Lung function (FEV1/FVC),434,434,65,0,0,68,366,15.6682,15.1317,104,330,23.9631,22.9074,66,368,15.2074,14.4645,42,392,9.6774,16.9089
PGS003865,multiancestry_LF_GRS_FF_weights_EAS,Lung function (FEV1/FVC),406,406,60,0,0,66,340,16.2562,13.2849,103,303,25.3695,20.899,65,341,16.0099,13.2829,34,372,8.3744,9.3595
PGS003954,AD_FINNGEN,Alzheimer's disease,81,81,0,0,0,11,70,13.5802,13.0445,17,64,20.9877,22.2482,13,68,16.0494,14.6411,17,64,20.9877,23.6415
PGS003955,AD_Jun,Alzheimer's disease,85,85,0,0,0,14,71,16.4706,14.6199,21,64,24.7059,21.6712,17,68,20,17.8344,16,69,18.8235,18.7981
PGS003956,AD_Kunkle_AFR,Alzheimer's disease,157,157,0,0,0,16,141,10.1911,7.4622,28,129,17.8344,14.3157,19,138,12.1019,9.7656,14,143,8.9172,8.1498
PGS003959,GRS940_obesity,Obesity,940,940,139,0,0,286,654,30.4255,31.0752,424,516,45.1064,47.0588,282,658,30,31.0978,167,773,17.766,23.2723
PGS003960,GRS57_SLE,Systemic lupus erythematosus,57,57,0,0,0,32,25,56.1404,48.5826,44,13,77.193,66.7588,34,23,59.6491,53.8117,34,23,59.6491,55.2929
PGS003969,PRS39_HF,Heart failure,39,39,4,0,0,4,35,10.2564,7.9213,8,31,20.5128,19.6266,5,34,12.8205,14.2281,7,32,17.9487,25.782
PGS004104,pt_clump.auto.GCST002783.BMI,Body mass index (BMI),83,83,0,0,0,49,34,59.0361,59.0228,65,18,78.3133,79.5724,45,38,54.2169,55.3278,55,28,66.2651,64.0308
PGS004105,pt_clump.auto.GCST004131.IBD,Inflammatory bowel disease (IBD),139,139,0,0,0,68,71,48.9209,50.6603,98,41,70.5036,73.3401,74,65,53.2374,54.3087,61,78,43.8849,48.3829
PGS004106,pt_clump.auto.GCST004773.T2D,Type 2 diabetes (T2D),35,35,0,0,0,22,13,62.8571,66.3928,29,6,82.8571,85.0635,28,7,80,81.1551,23,12,65.7143,65.3722
PGS004107,pt_clump.auto.GCST004988.Breast_cancer,Breast cancer,209,209,0,0,0,89,120,42.5837,40.8227,132,77,63.1579,62.2218,86,123,41.1483,41.7329,72,137,34.4498,35.542
PGS004108,pt_clump.auto.GCST005838.Stroke,Stroke,13,13,0,0,0,9,4,69.2308,63.8513,11,2,84.6154,80.7687,10,3,76.9231,73.1319,7,6,53.8462,51.4477
PGS004109,pt_clump.auto.GCST006085.Prostate_cancer,Prostate cancer,200,200,0,0,0,88,112,44,45.9019,137,63,68.5,68.9447,86,114,43,45.6524,65,135,32.5,36.1475
PGS004110,pt_clump.auto.GCST007140.HDL,HDL cholesterol,161,161,0,0,0,79,82,49.0683,55.5736,110,51,68.323,73.601,71,90,44.0994,51.0566,59,102,36.646,42.2551
PGS004111,pt_clump.auto.GCST007954.HbA1c,HbA1c,51,51,0,0,0,31,20,60.7843,62.9322,42,9,82.3529,84.6012,37,14,72.549,74.1125,22,29,43.1373,47.7178
PGS004112,pt_clump.auto.GCST008059.CKD,Chronic kidney disease (CKD),301,301,0,0,0,131,170,43.5216,41.5354,196,105,65.1163,65.1071,126,175,41.8605,42.1506,59,242,19.6013,21.4459
PGS004113,pt_clump.auto.GCST008059.eGFR,eGFR,301,301,0,0,0,131,170,43.5216,41.5354,196,105,65.1163,65.1071,126,175,41.8605,42.1506,59,242,19.6013,21.4459
PGS004114,pt_clump.auto.GCST008972.Gout,Gout,248,248,0,0,0,104,144,41.9355,40.327,163,85,65.7258,64.3286,101,147,40.7258,39.5081,72,176,29.0323,27.6525
PGS004115,pt_clump.auto.GCST008972.Urate,Urate,248,248,0,0,0,104,144,41.9355,40.327,163,85,65.7258,64.3286,101,147,40.7258,39.5081,72,176,29.0323,27.6525
PGS004116,pt_clump.auto.GCST90012877.AD,Alzheimer's disease,58,58,0,0,0,25,33,43.1034,40.3888,40,18,68.9655,62.0294,26,32,44.8276,43.2001,21,37,36.2069,45.8793
PGS004117,pt_clump.auto.GCST90013445.T1D,Type 1 diabetes (T1D),131,131,0,0,0,79,52,60.3053,59.2147,105,26,80.1527,80.8108,85,46,64.8855,63.0523,49,82,37.4046,37.2078
PGS004118,pt_clump.auto.GCST90013534.RA,Rheumatoid arthritis,91,91,0,0,0,47,44,51.6484,49.3019,66,25,72.5275,74.2727,45,46,49.4505,52.9288,37,54,40.6593,48.2999
PGS004121,pt_clump_nested.CV.GCST004131.IBD,Inflammatory bowel disease (IBD),774,774,0,0,0,379,395,48.9664,47.6093,529,245,68.3463,67.7245,367,407,47.416,46.9094,190,584,24.5478,28.5525
PGS004122,pt_clump_nested.CV.GCST004773.T2D,Type 2 diabetes (T2D),297,297,0,0,0,151,146,50.8418,50.9297,204,93,68.6869,68.5261,153,144,51.5152,52.4991,75,222,25.2525,28.1644
PGS004123,pt_clump_nested.CV.GCST004988.Breast_cancer,Breast cancer,982,982,0,0,0,453,529,46.1303,43.2581,637,345,64.8676,62.9395,432,550,43.9919,41.679,209,773,21.2831,23.3356
PGS004125,pt_clump_nested.CV.GCST006085.Prostate_cancer,Prostate cancer,765,765,0,0,0,355,410,46.4052,45.6105,525,240,68.6275,68.1836,347,418,45.3595,45.5443,158,607,20.6536,24.0383
PGS004126,pt_clump_nested.CV.GCST007140.HDL,HDL cholesterol,579,579,0,0,0,282,297,48.7047,50.645,383,196,66.1485,67.8314,264,315,45.5959,47.1934,136,443,23.4888,29.728
PGS004127,pt_clump_nested.CV.GCST007954.HbA1c,HbA1c,246,246,0,0,0,133,113,54.065,54.2413,179,67,72.7642,74.923,130,116,52.8455,53.8372,78,168,31.7073,35.6497
PGS004132,pt_clump_nested.CV.GCST90013445.T1D,Type 1 diabetes (T1D),354,354,0,0,0,211,143,59.6045,57.3344,272,82,76.8362,76.3802,209,145,59.0395,58.3467,110,244,31.0734,32.7137
PGS004133,pt_clump_nested.CV.GCST90013534.RA,Rheumatoid arthritis,155,155,0,0,0,70,85,45.1613,45.0658,109,46,70.3226,71.3435,71,84,45.8065,48.9349,52,103,33.5484,41.6602
PGS004164,PRS16_LC,Lung cancer in never smokers,16,16,1,0,0,0,16,0,0,2,14,12.5,9.3175,0,16,0,0,2,14,12.5,16.8747
PGS004165,PRS21_LC,Lung cancer,21,21,1,0,0,0,21,0,0,3,18,14.2857,10.5788,0,21,0,0,3,18,14.2857,17.1657
PGS004167,bc_2,Breast cancer,717,717,46,0,0,110,607,15.3417,17.0231,171,546,23.8494,28.1828,126,591,17.5732,18.1893,234,483,32.636,39.8787
PGS004171,t1d_1,Type 1 diabetes,520,520,30,0,0,72,448,13.8462,6.5009,116,404,22.3077,18.7644,91,429,17.5,21.9064,167,353,32.1154,29.3145
PGS004172,t1d_2,Type 1 diabetes,70,70,6,0,0,14,56,20,13.7439,21,49,30,39.0676,16,54,22.8571,22.8828,27,43,38.5714,30.4949
PGS004173,t1d_3,Type 1 diabetes,295,295,17,0,0,57,238,19.322,8.3684,78,217,26.4407,18.167,66,229,22.3729,28.592,104,191,35.2542,33.0975
PGS004174,t1d_4,Type 1 diabetes,49,49,5,0,0,14,35,28.5714,11.5253,23,26,46.9388,26.5444,19,30,38.7755,26.4857,28,21,57.1429,24.9449
PGS004175,t1d_5,Type 1 diabetes,315,315,20,0,0,44,271,13.9683,6.9488,65,250,20.6349,11.2101,50,265,15.873,24.2866,121,194,38.4127,26.5737
PGS004221,PRS8_carbohydrate,Carbohydrate preference,8,8,2,0,0,2,6,25,29.6519,3,5,37.5,42.1017,3,5,37.5,42.1017,3,5,37.5,42.1017
PGS004222,GRS13_gout,Gout,13,13,0,0,0,6,7,46.1538,46.8104,7,6,53.8462,49.8652,6,7,46.1538,46.8104,8,5,61.5385,71.3088
PGS004223,PRS139_T2D,Type 2 diabetes,139,139,8,0,0,46,93,33.0935,35.9253,76,63,54.6763,57.0545,50,89,35.9712,40.2667,45,94,32.3741,39.3652
PGS004224,GRS241_CKD,Chronic kidney disease,241,241,39,0,0,32,209,13.278,9.9515,61,180,25.3112,20.7704,39,202,16.1826,14.3983,28,213,11.6183,10.6997
PGS004225,PRS46_T2DEastAsia,Type 2 diabetes,46,46,0,0,0,31,15,67.3913,73,35,11,76.087,83.4286,31,15,67.3913,72.5714,33,13,71.7391,74.7143
PGS004226,PRS50_T2DEur,Type 2 diabetes,50,50,0,0,0,27,23,54,56.25,37,13,74,75.625,31,19,62,63.9583,35,15,70,73.125
PGS004227,ad_apoe_gw_pgs,Alzheimer's disease,15,15,0,0,0,5,10,33.3333,16.1553,7,8,46.6667,60.627,6,9,40,56.4917,7,8,46.6667,64.4804
PGS004231,PRS732_SBP,Systolic blood pressure,732,732,0,0,0,125,607,17.0765,18.0875,214,518,29.235,31.2567,141,591,19.2623,21.9313,126,606,17.2131,21.5369
PGS004232,PRS732_DBP,Diastolic blood pressure,732,732,0,0,0,125,607,17.0765,17.2316,214,518,29.235,30.001,141,591,19.2623,21.5041,126,606,17.2131,21.0579
PGS004238,wGRS35,Cardiovascular disease,35,35,4,0,0,6,29,17.1429,10.4543,7,28,20,14.298,6,29,17.1429,10.4543,1,34,2.8571,2.2708
PGS004239,PRS14AAD,Autoimmune Addison's disease,14,14,0,9,0,2,12,14.2857,13.0374,2,12,14.2857,13.0374,2,12,14.2857,13.0374,2,12,14.2857,20.3635
PGS004240,PRS89_CRC,Colorectal cancer,89,89,7,0,0,10,79,11.236,11.2218,18,71,20.2247,19.1015,11,78,12.3596,12.2078,19,70,21.3483,20.9452
PGS004241,PRS12_bladder,Bladder cancer,12,12,0,0,0,12,0,100,100,12,0,100,100,12,0,100,100,11,1,91.6667,87.4081
PGS004242,PRS306_breast,Breast cancer,306,306,30,0,0,28,278,9.1503,9.44,52,254,16.9935,16.9593,36,270,11.7647,12.7622,70,236,22.8758,26.2094
PGS004243,PRS67_colorectum,Colorectal cancer,67,67,5,0,0,10,57,14.9254,16.798,18,49,26.8657,28.3834,11,56,16.4179,18.5474,16,51,23.8806,27.2913
PGS004244,PRS16_endometrium,Endometrial cancer,16,16,2,0,0,3,13,18.75,15.1584,5,11,31.25,25.8055,3,13,18.75,15.1584,2,14,12.5,11.3938
PGS004245,PRS12_kidney,Kidney cancer,12,12,0,0,0,5,7,41.6667,49.2042,6,6,50,50.8922,5,7,41.6667,49.2042,10,2,83.3333,83.7212
PGS004246,PRS43_lung,Lung cancer,43,43,4,0,0,5,38,11.6279,8.5472,11,32,25.5814,30.6291,7,36,16.2791,21.4014,15,28,34.8837,38.8205
PGS004247,PRS65_melanoma,Melanoma,65,65,8,0,0,13,52,20,24.5202,20,45,30.7692,31.6113,16,49,24.6154,30.0938,16,49,24.6154,45.5567
PGS004248,PRS20_nhl,Non-Hodgkin's lymphoma,20,20,2,0,0,10,10,50,35.6024,13,7,65,46.1347,11,9,55,38.2519,17,3,85,77.1795
PGS004249,PRS25_ovary,Ovarian cancer,25,25,3,0,0,5,20,20,17.4824,6,19,24,21.4509,5,20,20,17.4824,12,13,48,38.2428
PGS004250,PRS19_pancreas,Pancreatic cancer,19,19,2,0,0,7,12,36.8421,34.788,14,5,73.6842,72.8781,8,11,42.1053,46.4725,13,6,68.4211,63.8076
PGS004251,PRS125_prostate,Prostate cancer,125,125,8,0,0,54,71,43.2,42.6399,69,56,55.2,51.3251,56,69,44.8,45.1452,82,43,65.6,60.4722
PGS004252,PRS212_asthma,Asthma,212,212,0,0,0,46,166,21.6981,22.8133,62,150,29.2453,31.9206,51,161,24.0566,28.0433,39,173,18.3962,21.6411
PGS004255,GenoBoost_rheumatoid_arthritis_0,Rheumatoid arthritis,30,30,0,0,0,19,11,63.3333,,27,3,90,,19,11,63.3333,,20,10,66.6667,
PGS004256,GenoBoost_rheumatoid_arthritis_1,Rheumatoid arthritis,20,20,0,0,0,11,9,55,,18,2,90,,14,6,70,,17,3,85,
PGS004257,GenoBoost_rheumatoid_arthritis_2,Rheumatoid arthritis,20,20,0,0,0,9,11,45,50.8916,15,5,75,72.9491,11,9,55,63.3094,13,7,65,68.4348
PGS004258,GenoBoost_rheumatoid_arthritis_3,Rheumatoid arthritis,20,20,0,0,0,12,8,60,,17,3,85,,13,7,65,,14,6,70,
PGS004259,GenoBoost_rheumatoid_arthritis_4,Rheumatoid arthritis,20,20,0,0,0,11,9,55,,17,3,85,,12,8,60,,15,5,75,
PGS004260,GenoBoost_psoriasis_0,Psoriasis,900,900,0,0,0,419,481,46.5556,,604,296,67.1111,,406,494,45.1111,,198,702,22,
PGS004261,GenoBoost_psoriasis_1,Psoriasis,800,800,0,0,0,398,402,49.75,,545,255,68.125,,387,413,48.375,,170,630,21.25,
PGS004262,GenoBoost_psoriasis_2,Psoriasis,200,200,0,0,0,90,110,45,,131,69,65.5,,95,105,47.5,,61,139,30.5,
PGS004263,GenoBoost_psoriasis_3,Psoriasis,800,800,0,0,0,387,413,48.375,,548,252,68.5,,374,426,46.75,,168,632,21,
PGS004264,GenoBoost_psoriasis_4,Psoriasis,110,110,0,0,0,52,58,47.2727,,74,36,67.2727,,53,57,48.1818,,39,71,35.4545,
PGS004265,GenoBoost_gout_0,Gout,80,80,0,0,0,25,55,31.25,43.4099,46,34,57.5,65.6534,25,55,31.25,39.3748,24,56,30,41.3407
PGS004266,GenoBoost_gout_1,Gout,200,200,0,0,0,96,104,48,54.4955,145,55,72.5,75.8072,91,109,45.5,51.2484,43,157,21.5,34.2814
PGS004268,GenoBoost_gout_3,Gout,70,70,0,0,0,29,41,41.4286,52.4159,49,21,70,76.9748,29,41,41.4286,46.7623,22,48,31.4286,49.2958
PGS004269,GenoBoost_gout_4,Gout,70,70,0,0,0,30,40,42.8571,52.8709,48,22,68.5714,76.7859,29,41,41.4286,47.5854,22,48,31.4286,46.7479
PGS004270,GenoBoost_inflammatory_bowel_disease_0,Inflammatory bowel disease,20,20,0,0,0,11,9,55,57.3351,14,6,70,71.7737,9,11,45,49.8723,9,11,45,36.3781
PGS004271,GenoBoost_inflammatory_bowel_disease_1,Inflammatory bowel disease,20,20,0,0,0,13,7,65,61.3311,16,4,80,78.2654,11,9,55,47.2517,10,10,50,44.2173
PGS004272,GenoBoost_inflammatory_bowel_disease_2,Inflammatory bowel disease,100,100,0,0,0,48,52,48,,70,30,70,,46,54,46,,18,82,18,
PGS004273,GenoBoost_inflammatory_bowel_disease_3,Inflammatory bowel disease,110,110,0,0,0,50,60,45.4545,,77,33,70,,49,61,44.5455,,25,85,22.7273,
PGS004274,GenoBoost_inflammatory_bowel_disease_4,Inflammatory bowel disease,40,40,0,0,0,18,22,45,47.2489,26,14,65,75.2364,19,21,47.5,53.521,14,26,35,42.5512
PGS004280,GenoBoost_all-cause_dementia_0,All-cause dementia,30,30,0,0,0,15,15,50,,24,6,80,,16,14,53.3333,,11,19,36.6667,
PGS004281,GenoBoost_all-cause_dementia_1,All-cause dementia,110,110,0,0,0,60,50,54.5455,47.779,78,32,70.9091,74.452,55,55,50,55.4281,28,82,25.4545,54.6984
PGS004282,GenoBoost_all-cause_dementia_2,All-cause dementia,40,40,0,0,0,21,19,52.5,51.0904,28,12,70,69.0129,21,19,52.5,55.382,15,25,37.5,50.9289
PGS004283,GenoBoost_all-cause_dementia_3,All-cause dementia,90,90,0,0,0,51,39,56.6667,49.874,67,23,74.4444,75.3916,48,42,53.3333,57.2929,31,59,34.4444,56.2748
PGS004284,GenoBoost_all-cause_dementia_4,All-cause dementia,50,50,0,0,0,25,25,50,35.7043,32,18,64,70.4382,19,31,38,53.1048,16,34,32,69.2741
PGS004285,GenoBoost_alzheimer_s_disease_0,Alzheimer's disease,20,20,0,0,0,7,13,35,45.5495,10,10,50,60.7146,8,12,40,50.6403,8,12,40,54.9477
PGS004286,GenoBoost_alzheimer_s_disease_1,Alzheimer's disease,10,10,0,0,0,6,4,60,42.7088,9,1,90,81.1836,6,4,60,67.5404,5,5,50,83.7597
PGS004287,GenoBoost_alzheimer_s_disease_2,Alzheimer's disease,30,30,0,0,0,17,13,56.6667,53.3327,22,8,73.3333,71.872,16,14,53.3333,54.1818,12,18,40,52.0689
PGS004288,GenoBoost_alzheimer_s_disease_3,Alzheimer's disease,200,200,0,0,0,94,106,47,40.9753,137,63,68.5,69.2148,93,107,46.5,48.256,39,161,19.5,35.6582
PGS004289,GenoBoost_alzheimer_s_disease_4,Alzheimer's disease,40,40,0,0,0,18,22,45,44.7405,26,14,65,69.1154,19,21,47.5,57.1037,13,27,32.5,58.4891
PGS004292,GenoBoost_atrial_fibrillation_2,Atrial fibrillation,700,700,0,0,0,327,373,46.7143,43.8189,449,251,64.1429,62.8384,317,383,45.2857,43.641,108,592,15.4286,18.2451
PGS004295,GenoBoost_breast_cancer_0,Breast cancer,140,140,0,0,0,75,65,53.5714,47.0844,99,41,70.7143,65.251,70,70,50,47.2724,44,96,31.4286,35.8953
PGS004296,GenoBoost_breast_cancer_1,Breast cancer,80,80,0,0,0,36,44,45,44.8207,49,31,61.25,58.6326,35,45,43.75,45.2771,34,46,42.5,45.0604
PGS004297,GenoBoost_breast_cancer_2,Breast cancer,90,90,0,0,0,40,50,44.4444,44.6592,53,37,58.8889,57.3474,39,51,43.3333,45.9528,29,61,32.2222,41.7037
PGS004298,GenoBoost_breast_cancer_3,Breast cancer,900,900,0,0,0,413,487,45.8889,43.0373,576,324,64,59.6846,400,500,44.4444,43.226,180,720,20,25.2752
PGS004299,GenoBoost_breast_cancer_4,Breast cancer,70,70,0,0,0,34,36,48.5714,,45,25,64.2857,,34,36,48.5714,,30,40,42.8571,
PGS004300,GenoBoost_colorectal_cancer_0,Colorectal cancer,70,70,0,0,0,29,41,41.4286,36.6762,41,29,58.5714,64.1812,27,43,38.5714,34.5595,15,55,21.4286,15.8484
PGS004301,GenoBoost_colorectal_cancer_1,Colorectal cancer,600,600,0,0,0,275,325,45.8333,,406,194,67.6667,,263,337,43.8333,,109,491,18.1667,
PGS004302,GenoBoost_colorectal_cancer_2,Colorectal cancer,300,300,0,0,0,144,156,48,42.2694,210,90,70,63.5175,141,159,47,41.5743,61,239,20.3333,23.8841
PGS004303,GenoBoost_colorectal_cancer_3,Colorectal cancer,200,200,0,0,0,87,113,43.5,40.1965,131,69,65.5,63.5586,77,123,38.5,37.5021,34,166,17,21.0399
PGS004304,GenoBoost_colorectal_cancer_4,Colorectal cancer,700,700,0,0,0,313,387,44.7143,,454,246,64.8571,,296,404,42.2857,,125,575,17.8571,
PGS004315,GRS-ALL,Psoriasis,88,88,9,0,0,10,78,11.3636,13.4022,18,70,20.4545,23.4874,15,73,17.0455,21.2942,23,65,26.1364,27.4396
PGS004316,GRS-HLA,Psoriasis,11,11,0,0,0,0,11,0,0,1,10,9.0909,3.1292,0,11,0,0,0,11,0,0
PGS004317,GRS-noHLA,Psoriasis,77,77,9,0,0,10,67,12.987,17.3554,17,60,22.0779,29.4922,15,62,19.4805,27.5751,23,54,29.8701,35.5333
PGS004318,PRS29_dementia,Dementia,29,29,0,0,0,3,26,10.3448,13.5861,6,23,20.6897,33.6493,6,23,20.6897,50.237,11,18,37.931,61.4534
PGS004319,GRS103_BMI,Body mass index,103,103,14,0,0,4,99,3.8835,3.8835,10,93,9.7087,9.7087,5,98,4.8544,4.8544,14,89,13.5922,13.5922
PGS004320,PRS16_UGI,Upper gastrointestinal cancer,16,16,1,0,0,3,13,18.75,20.7339,5,11,31.25,34.3898,3,13,18.75,20.7339,3,13,18.75,20.4852
PGS004321,PRS27_CAD,Coronary heart disease,27,27,4,0,0,12,15,44.4444,56.2152,19,8,70.3704,83.1042,20,7,74.0741,85.7556,26,1,96.2963,97.3486
PGS004322,GRS30_IS,Ischemic stroke,30,30,0,0,0,8,22,26.6667,21.9418,12,18,40,43.7569,9,21,30,27.7998,9,21,30,27.7795
PGS004323,PRS91_T2D,Type 2 diabetes,91,91,12,0,0,13,78,14.2857,13.8008,21,70,23.0769,25.3097,12,79,13.1868,12.884,18,73,19.7802,24.3558
PGS004325,GRS19_LC,Lung cancer,19,19,0,0,0,4,15,21.0526,22.2395,8,11,42.1053,59.7201,5,14,26.3158,40.591,8,11,42.1053,50.4277
PGS004326,PRS154_RA,Rheumatoid arthritis,154,154,0,0,0,18,136,11.6883,10.8852,36,118,23.3766,22.982,26,128,16.8831,13.0164,49,105,31.8182,30.5919
PGS004586,PPS_CRC,Colorectal cancer,287,287,40,0,0,37,250,12.892,10.4971,60,227,20.9059,17.0708,36,251,12.5436,9.8217,39,248,13.5889,14.5011
PGS004587,PRS23_AD,Atopic dermatitis,23,23,2,0,0,2,21,8.6957,3.3973,2,21,8.6957,3.3973,2,21,8.6957,3.3973,2,21,8.6957,4.8179
PGS004588,PRS39_Eur,Alzheimer's disease,39,39,0,0,0,5,34,12.8205,10.5651,11,28,28.2051,26.5346,5,34,12.8205,13.0932,11,28,28.2051,28.0848
PGS004589,PRS80_trans,Alzheimer's disease,80,80,0,0,0,12,68,15,12.8455,21,59,26.25,24.4905,12,68,15,12.8416,17,63,21.25,27.112
PGS004590,PRS363_rand_eff,Alzheimer's disease,363,363,0,0,0,39,324,10.7438,9.622,67,296,18.4573,17.3628,39,324,10.7438,10.2793,32,331,8.8154,9.5046
PGS004591,PRS17_MDD,Major depressive disorder,17,17,1,0,0,5,12,29.4118,32.5163,8,9,47.0588,47.9104,5,12,29.4118,32.5163,4,13,23.5294,22.8531
PGS004592,PRS_KC,Keratinocyte cancer,78,78,0,0,0,18,60,23.0769,26.1964,24,54,30.7692,37.4657,19,59,24.359,32.177,22,56,28.2051,44.701
PGS004595,PRS_CHD,Coronary heart disease,164,164,0,0,0,57,107,34.7561,38.8026,81,83,49.3902,52.8391,63,101,38.4146,45.0893,61,103,37.1951,48.3173
PGS004596,PRS64_CHD,Coronary heart disease,64,64,0,0,0,30,34,46.875,48.6353,44,20,68.75,70.0516,37,27,57.8125,61.1596,46,18,71.875,70.1318
PGS004597,PRS32_IS,Ischemic stroke,32,32,0,0,0,8,24,25,17.1325,12,20,37.5,34.1642,9,23,28.125,21.7053,10,22,31.25,41.9856
PGS004598,PRS12_HF,Heart failure,12,12,0,0,0,0,12,0,0,2,10,16.6667,10.6059,1,11,8.3333,4.2641,3,9,25,34.0041
PGS004599,PRS102_Pca,Prostate cancer,102,102,7,0,0,18,84,17.6471,21.6091,30,72,29.4118,30.961,19,83,18.6275,21.5097,24,78,23.5294,28.318
PGS004600,PRS_AD83,Alzheimer's disease,83,83,9,0,0,10,73,12.0482,7.7985,21,62,25.3012,17.385,14,69,16.8675,24.8544,12,71,14.4578,28.3392
PGS004601,PRS17_Pca,Prostate cancer,17,17,1,0,0,14,3,82.3529,76.2071,15,2,88.2353,89.328,13,4,76.4706,81.7758,11,6,64.7059,60.7606
PGS004602,PRS424_T2D,Type 2 diabetes (T2D),424,424,55,0,0,57,367,13.4434,14.3938,102,322,24.0566,23.8152,63,361,14.8585,16.3447,67,357,15.8019,19.3424
PGS004610,child_BMI,Body mass index (BMI),306,306,48,0,0,32,274,10.4575,9.0284,47,259,15.3595,14.407,34,272,11.1111,9.5629,40,266,13.0719,16.34
PGS004611,RORP_PRS,Breast cancer,76,76,9,0,0,14,62,18.4211,13.8314,22,54,28.9474,22.7272,18,58,23.6842,19.6235,47,29,61.8421,61.9544
PGS004637,LDL_AFR_lassosum2,LDL cholesterol,173,173,0,0,0,35,138,20.2312,26.693,73,100,42.1965,56.7806,42,131,24.2775,52.1292,51,122,29.4798,45.9775
PGS004647,LDL_SAS_lassosum2,LDL cholesterol,307,307,0,0,0,106,201,34.5277,30.8108,158,149,51.4658,47.5516,111,196,36.1564,32.1695,91,216,29.6417,53.254
PGS004652,logTG_AFR_lassosum2,Log triglycerides,446,446,0,0,0,106,340,23.7668,25.8484,165,281,36.9955,37.3478,110,336,24.6637,31.4021,138,308,30.9417,29.5079
PGS004657,logTG_EAS_lassosum2,Log triglycerides,221,221,0,0,0,53,168,23.9819,33.9745,80,141,36.1991,46.8586,58,163,26.2443,38.9628,77,144,34.8416,44.1045
PGS004682,height_AFR_lassosum2,Height,906,906,0,0,0,211,695,23.2892,19.7865,409,497,45.1435,40.811,199,707,21.9647,19.2692,352,554,38.8521,35.5704
PGS004695,PRS23_IPF,Idiopathic pulmonary fibrosis,23,23,5,1,0,3,20,13.0435,9.8649,4,19,17.3913,12.3905,3,20,13.0435,9.8649,6,17,26.087,19.1738
PGS004699,Non-HLA-GRS,Multiple sclerosis,307,307,0,0,0,104,203,33.8762,32.8286,129,178,42.0195,40.5987,99,208,32.2476,31.4564,69,238,22.4756,24.0525
PGS004700,HLA-GRS,Multiple sclerosis,12,12,0,10,0,2,10,16.6667,8.2014,2,10,16.6667,8.2014,2,10,16.6667,8.2014,2,10,16.6667,8.2014
PGS004797,migraine_PRSmix_eur,Migraine,23,23,2,0,3,13,10,56.5217,41.9589,16,7,69.5652,60.8206,14,9,60.8696,48.8225,9,14,39.1304,46.1373
PGS004863,PRS74_AD,Alzheimer's disease,74,74,11,0,0,9,65,12.1622,10.4379,18,56,24.3243,20.779,9,65,12.1622,10.568,7,67,9.4595,11.6306
PGS004864,PRS186_BMI,Body mass index (BMI),186,186,12,0,0,69,117,37.0968,38.5265,107,79,57.5269,60.4466,82,104,44.086,48.5368,154,32,82.7957,85.0225
PGS004865,PRS105_BC,Breast cancer,105,105,9,0,0,51,54,48.5714,49.2676,67,38,63.8095,64.4991,56,49,53.3333,56.872,88,17,83.8095,93.18
PGS004866,PRS105_ERposBC,ER-positive breast cancer,105,105,9,0,0,51,54,48.5714,49.2271,67,38,63.8095,64.5526,56,49,53.3333,56.9936,88,17,83.8095,92.9835
PGS004867,PRS105_ERnegBC,ER-negative breast cancer,105,105,9,0,0,51,54,48.5714,40.9839,67,38,63.8095,63.1,56,49,53.3333,55.6345,88,17,83.8095,89.191
PGS004890,CC-GWAS_PRS,Triple negative breast cancer versus luminal breast cancer,25,25,0,0,0,3,22,12,11.6364,6,19,24,24.3636,3,22,12,11.6364,3,22,12,12
PGS004891,TNBC_PRS25,Triple negative breast cancer,25,25,0,0,0,3,22,12,12.6552,4,21,16,16.2709,4,21,16,17.9439,5,20,20,19.8597
PGS004892,TNBC_PRS41,Triple negative breast cancer,41,41,0,0,0,5,36,12.1951,10.3909,6,35,14.6341,12.5733,6,35,14.6341,13.5831,9,32,21.9512,22.329
PGS004896,mAlb,Microalbuminuria,29,29,4,0,0,7,22,24.1379,12.4458,12,17,41.3793,20.1401,9,20,31.0345,14.1522,5,24,17.2414,22.3903
PGS004897,UACR,Urinary albumin-to-creatinine ratio,28,28,4,0,0,11,17,39.2857,27.9726,14,14,50,47.8479,12,16,42.8571,30.4071,5,23,17.8571,15.4905
PGS004898,PRS_AD,Alzheimer's disease,44,44,0,7,1,7,37,15.9091,4.9019,11,33,25,8.9,8,36,18.1818,12.3231,13,31,29.5455,19.6166
PGS004899,PRS_SCAD,Spontaneous coronary artery dissection,7,7,1,0,0,2,5,28.5714,19.6602,2,5,28.5714,19.6602,2,5,28.5714,19.6602,2,5,28.5714,19.6602
PGS004900,GRS_BMI_males,Body mass index (BMI),94,94,4,0,0,41,53,43.617,42.1706,61,33,64.8936,68.3423,40,54,42.5532,44.0552,81,13,86.1702,88.1801
PGS004901,GRS_BMI_females,Body mass index (BMI),94,94,4,0,0,41,53,43.617,42.7235,61,33,64.8936,67.6469,40,54,42.5532,44.2585,81,13,86.1702,88.4265
PGS004903,PRS_ALL,Atopic dermatitis,38,38,5,0,0,6,32,15.7895,14.8164,16,22,42.1053,42.5705,8,30,21.0526,22.4594,6,32,15.7895,19.3424
PGS004904,PRS127_CRC,Colorectal cancer,127,127,12,0,0,20,107,15.748,17.557,28,99,22.0472,23.8695,17,110,13.3858,14.7059,27,100,21.2598,22.9492
PGS004905,PRS155_AF,Atrial fibrillation,155,155,19,0,0,26,129,16.7742,14.0787,37,118,23.871,19.8638,24,131,15.4839,12.563,25,130,16.129,16.0154
PGS004906,PRS60_TSH,Thyroid stimulating hormone concentration,60,60,3,0,0,5,55,8.3333,8.8361,9,51,15,13.8717,7,53,11.6667,12.5416,7,53,11.6667,9.2874
PGS004907,PRS31_FT4,Free thyroxine concentration,31,31,7,0,0,4,27,12.9032,11.933,6,25,19.3548,15.6518,4,27,12.9032,11.933,2,29,6.4516,7.642
PGS004908,PRS107_KC,Kidney cancer,107,107,14,0,0,13,94,12.1495,9.6062,17,90,15.8879,13.6377,14,93,13.0841,11.759,16,91,14.9533,18.0954
PGS004909,EUR_wGRS7,Nicotine metabolite ratio,8,8,0,5,0,0,8,0,0,0,8,0,0,0,8,0,0,1,7,12.5,1.9654
PGS004912,PRS183,Colorectal neoplasm,183,183,0,0,0,31,152,16.9399,15.4024,46,137,25.1366,22.9929,31,152,16.9399,15.5123,27,156,14.7541,16.5211
PGS004913,PRSALC,Alcohol-associated liver cirrhosis,20,20,0,0,0,5,15,25,22.488,7,13,35,31.1566,5,15,25,24.9725,3,17,15,19.6468
PGS004914,HDL-C_PGS,HDL cholesterol,223,223,15,0,0,97,126,43.4978,38.4288,142,81,63.6771,55.2713,118,105,52.9148,50.7627,168,55,75.3363,76.2816
PGS004915,LDL-C_PGS,LDL cholesterol,223,223,15,0,0,97,126,43.4978,41.2238,142,81,63.6771,57.0718,118,105,52.9148,54.529,168,55,75.3363,67.0724
PGS004916,Triglycerides_PGS,Triglycerides,223,223,15,0,0,97,126,43.4978,35.1893,142,81,63.6771,56.0038,118,105,52.9148,47.0368,168,55,75.3363,76.9011
PGS004917,wGRS,Systemic lupus erythematosus,97,97,1,11,0,48,49,49.4845,46.0627,63,34,64.9485,59.0051,46,51,47.4227,46.2836,45,52,46.3918,48.342
PGS004918,PRS8_Synapse,Late-onset Alzheimers disease (based on SNPs in genes involved in synaptic function),8,8,0,0,0,2,6,25,19.3141,6,2,75,84.8843,3,5,37.5,72.0005,4,4,50,77.2328
PGS004920,GRS166_AF,Atrial fibrillation,166,166,19,0,0,26,140,15.6627,12.0496,37,129,22.2892,17.0008,24,142,14.4578,10.7523,26,140,15.6627,14.9531
PGS004921,CAD-GRS,Coronary artery disease,161,161,23,0,0,38,123,23.6025,24.5256,64,97,39.7516,42.8083,43,118,26.7081,30.9758,40,121,24.8447,31.8262
PGS004922,wGRS_AFR,Nicotine metabolite ratio,12,12,1,9,0,0,12,0,0,0,12,0,0,0,12,0,0,0,12,0,0
PGS004924,PRS90_PD,Parkinson's disease,90,90,13,0,0,10,80,11.1111,30.3401,17,73,18.8889,34.7889,17,73,18.8889,37.7669,15,75,16.6667,40.2257
PGS004925,PRS300_CHD,Coronary heart disease,300,300,39,1,0,45,255,15,12.5445,76,224,25.3333,19.0997,54,246,18,15.0096,65,235,21.6667,24.03
PGS004930,celiac_disease_snpnet_combined,Celiac disease,463,463,30,0,0,138,325,29.8056,34.6959,190,273,41.0367,44.8647,137,326,29.5896,39.0966,101,362,21.8143,32.6276
PGS004945,PRS87_CRC,Colorectal cancer,87,87,0,0,0,12,75,13.7931,12.6516,21,66,24.1379,21.3355,13,74,14.9425,13.8206,22,65,25.2874,24.0875
PGS004952,PRS52_AMD,Age-related macular degeneration,52,52,0,0,0,9,43,17.3077,8.8115,17,35,32.6923,42.3404,13,39,25,34.3861,33,19,63.4615,58.7247
PGS004953,PRS21_melanoma,Melanoma,21,21,3,0,0,3,18,14.2857,20.1387,6,15,28.5714,27.1698,3,18,14.2857,20.1387,9,12,42.8571,49.784
PGS004954,PRS26_TC,Thyroid cancer,26,26,3,0,0,5,21,19.2308,5.3452,6,20,23.0769,6.44,5,21,19.2308,5.3452,4,22,15.3846,9.1444
PGS004955,PRS23,Lung cancer,23,23,5,0,0,7,16,30.4348,21.6296,10,13,43.4783,30.8573,8,15,34.7826,23.5602,10,13,43.4783,32.199
PGS005089,PGS400_OC,Non-mucinous epithelial ovarian cancer,400,400,49,0,0,142,258,35.5,25.7697,238,162,59.5,45.654,139,261,34.75,26.6827,111,289,27.75,29.3745
PGS005095,WHRadjBMI_GRS,WHR adjusted for BMI,481,481,66,0,0,115,366,23.9085,18.6151,172,309,35.7588,26.9393,112,369,23.2848,19.1558,100,381,20.79,21.3045
PGS005096,CAC_GRS,Coronary artery calcification,11,11,2,0,0,2,9,18.1818,31.476,6,5,54.5455,57.6763,4,7,36.3636,45.2875,4,7,36.3636,44.3983
PGS005098,psa2024_prs_318,Prostate specific antigen,318,318,54,0,0,37,281,11.6352,8.6285,58,260,18.239,16.959,42,276,13.2075,11.8826,41,277,12.8931,15.396
PGS005099,psa2024_prs_447,Prostate specific antigen,447,447,71,0,0,46,401,10.2908,6.5742,73,374,16.3311,14.301,49,398,10.962,8.7895,45,402,10.0671,13.0795
PGS005104,PRSAFR,Breast cancer,89,89,9,1,0,12,77,13.4831,13.095,23,66,25.8427,24.8979,9,80,10.1124,11.1517,22,67,24.7191,24.8636
PGS005105,PRSAFR_ER+,ER-positive breast cancer,44,44,5,1,0,7,37,15.9091,18.7249,12,32,27.2727,27.7342,6,38,13.6364,12.428,15,29,34.0909,33.1393
PGS005106,PRSAFR_ER−,ER-negative breast cancer,24,24,1,0,0,1,23,4.1667,4.4594,6,18,25,21.4999,3,21,12.5,14.3496,9,15,37.5,32.8092
PGS005107,PGS-PSA111,Prostate-specific antigen (PSA) levels,111,111,13,0,0,10,101,9.009,6.2747,25,86,22.5225,25.3296,13,98,11.7117,10.6246,16,95,14.4144,21.8073
PGS005111,PGS_T2D_gwas,Type 2 diabetes (T2D),150,150,0,0,0,23,127,15.3333,13.7665,42,108,28,25.3082,31,119,20.6667,19.2447,39,111,26,30.4883
PGS005115,PGS_T2D_beta_cell,Type 2 diabetes (T2D),30,30,0,0,0,17,13,56.6667,60.3048,27,3,90,93.9032,17,13,56.6667,58.8911,19,11,63.3333,71.9461
PGS005116,PGS_T2D_lipodystrophy,Type 2 diabetes (T2D),20,20,0,0,0,8,12,40,39.1906,12,8,60,54.514,10,10,50,46.7312,13,7,65,70.3909
PGS005117,PGS_T2D_liver_lipid,Type 2 diabetes (T2D),5,5,0,0,0,1,4,20,53.1873,4,1,80,91.6335,3,2,60,81.8725,4,1,80,91.6335
PGS005118,PGS_T2D_obesity,Type 2 diabetes (T2D),5,5,0,0,0,3,2,60,47.1891,3,2,60,47.1891,3,2,60,47.1891,4,1,80,89.4378
PGS005119,PGS_T2D_proinsulin,Type 2 diabetes (T2D),7,7,0,0,0,3,4,42.8571,25.6566,5,2,71.4286,43.9394,4,3,57.1429,33.8384,6,1,85.7143,54.7475
PGS005158,PRS19_PAD,Peripheral artery disease,19,19,0,0,0,3,16,15.7895,19.1363,8,11,42.1053,39.5895,5,14,26.3158,27.7952,7,12,36.8421,35.8585
PGS005159,GRS142_AF,Atrial fibrillation,142,142,16,0,0,21,121,14.7887,11.8336,31,111,21.831,16.7438,18,124,12.6761,9.7716,22,120,15.493,14.0205
PGS005160,PRS-ESC,Esophageal cancer,11,11,1,0,0,5,6,45.4545,48.3231,5,6,45.4545,48.3231,4,7,36.3636,37.7893,9,2,81.8182,80.4913
PGS005161,PRS-GC,Stomach cancer,12,12,1,0,0,1,11,8.3333,3.8783,2,10,16.6667,10.798,1,11,8.3333,3.8783,0,12,0,0
PGS005163,PRS-LC,Lung cancer,42,42,7,0,0,4,38,9.5238,8.3496,10,32,23.8095,20.1603,4,38,9.5238,7.8608,11,31,26.1905,27.1607
PGS005164,PRS-BC,Breast cancer,109,110,11,2,0,26,84,23.6364,,42,68,38.1818,,31,79,28.1818,,64,46,58.1818,
PGS005165,PRS-CC,Cervical cancer,15,15,1,0,0,3,12,20,13.1341,5,10,33.3333,21.4697,5,10,33.3333,21.4697,9,6,60,56.6493
PGS005167,PRS-PC,Prostate cancer,157,157,16,0,0,17,140,10.828,10.4104,32,125,20.3822,18.2551,17,140,10.828,9.8836,25,132,15.9236,16.6956
PGS005169,PRS25_LUAD,Lung adenocarcinoma,25,25,4,0,0,1,24,4,7.4655,3,22,12,13.4837,1,24,4,7.4655,1,24,4,7.4655
PGS005171,PRS142_AF,Atrial fibrillation,142,142,16,0,0,21,121,14.7887,11.6103,31,111,21.831,17.0306,18,124,12.6761,9.8564,22,120,15.493,15.1534
PGS005205,PRS130_Pca,Prostate cancer,130,130,10,0,0,57,73,43.8462,42.0144,73,57,56.1538,50.8312,59,71,45.3846,53.1698,91,39,70,70.8612
PGS005206,BMD_PRS,Bone mineral density,81,81,0,0,0,9,72,11.1111,10.0365,17,64,20.9877,18.0963,9,72,11.1111,10.8808,13,68,16.0494,20.3416
PGS005207,BCC_PRS,Basal cell carcinoma,29,29,5,0,0,4,25,13.7931,24.1693,7,22,24.1379,38.314,6,23,20.6897,33.9803,10,19,34.4828,54.5261
PGS005208,Melanoma_PRS,Melanoma,67,67,8,0,0,13,54,19.403,24.6638,20,47,29.8507,31.7956,16,51,23.8806,30.2698,16,51,23.8806,45.8232
PGS005209,SCC_PRS,Squamous cell carcinoma,20,20,3,0,0,4,16,20,28.3069,8,12,40,48.6772,5,15,25,32.2751,8,12,40,53.4392
PGS005210,Thyroid_PRS,Thyroid cancer,12,12,4,0,0,1,11,8.3333,5.4048,2,10,16.6667,10.165,2,10,16.6667,10.165,3,9,25,29.2217
PGS005230,PRS71_STROKE,Stroke,71,71,0,0,0,6,65,8.4507,7.1208,18,53,25.3521,24.7202,10,61,14.0845,12.488,8,63,11.2676,11.6803
PGS005231,GRS142_CAD,Coronary artery disease,142,142,15,1,0,31,111,21.831,18.6126,53,89,37.3239,37.3908,35,107,24.6479,24.5045,32,110,22.5352,29.0797
PGS005248,PGS4_QBB_9SNP,LDL-C levels,9,9,2,0,0,2,7,22.2222,37.1055,4,5,44.4444,60.3246,4,5,44.4444,60.3246,3,6,33.3333,50.9468
PGS005249,PGS5_QBB_6SNP,LDL-C levels,6,6,1,0,0,2,4,33.3333,44.704,4,2,66.6667,72.6779,4,2,66.6667,72.6779,3,3,50,61.3797
PGS005250,PGS14_QBB_14SNP,LDL-C levels,14,14,3,0,0,4,10,28.5714,31.4909,7,7,50,49.1886,5,9,35.7143,39.0213,6,8,42.8571,47.1349
PGS005258,thyroid_cancer_mixed_pt,Thyroid carcenoma,84,84,12,0,0,11,73,13.0952,5.238,15,69,17.8571,6.2193,12,72,14.2857,6.5379,11,73,13.0952,6.7411
PGS005261,benign_nodular_goiter_mixed_pt,Benign nodular goiter,110,110,12,0,0,9,101,8.1818,3.5073,14,96,12.7273,5.4881,10,100,9.0909,3.9917,9,101,8.1818,8.4826
PGS005264,graves_disease_mixed_pt,Graves' disease,112,112,15,0,0,12,100,10.7143,4.7565,19,93,16.9643,6.2852,13,99,11.6071,4.8869,13,99,11.6071,6.1113
PGS005267,hypothyroidism_mixed_pt,Hypothyroidism,439,439,62,0,0,46,393,10.4784,9.5449,79,360,17.9954,18.6321,59,380,13.4396,16.5277,63,376,14.3508,16.9554
PGS005270,lymphocytic_thyroiditis_mixed_pt,Lymphocytic thyroiditis,55,55,2,0,0,6,49,10.9091,8.0487,12,43,21.8182,13.7077,8,47,14.5455,10.3077,10,45,18.1818,12.0991
PGS005282,GRS15_nephropathy,IgA nephropathy,15,15,0,0,0,13,2,86.6667,86.0374,14,1,93.3333,95.771,12,3,80,77.122,15,0,100,100
PGS005283,GRS21_nephropathy,IgA nephropathy,21,21,0,0,0,5,16,23.8095,27.8488,7,14,33.3333,37.6145,7,14,33.3333,38.9235,9,12,42.8571,48.2367
PGS005284,GRS55_nephropathy,IgA nephropathy,55,55,0,0,0,24,31,43.6364,51.3523,28,27,50.9091,59.5337,24,31,43.6364,49.2479,29,26,52.7273,61.1444
PGS005307,GWS,Psoriasis,64,65,0,0,0,9,56,13.8462,12.5706,17,48,26.1538,26.4569,14,51,21.5385,26.0214,17,48,26.1538,30.3819
PGS005308,GWS-noHLA,Psoriasis,64,64,0,0,0,9,55,14.0625,13.9196,17,47,26.5625,29.2961,14,50,21.875,28.8139,17,47,26.5625,33.6424
PGS005315,ALM_PRS,Appendicular lean mass,630,630,81,0,5,76,554,12.0635,10.8424,112,518,17.7778,17.808,82,548,13.0159,13.0367,78,552,12.381,14.4395
PGS005316,BFM_PRS,Body fat mass,403,403,59,0,2,61,342,15.1365,15.2607,100,303,24.8139,25.4185,61,342,15.1365,15.7447,50,353,12.4069,15.8208
PGS005317,DBP_PRS,Diastolic blood pressure,297,297,44,0,0,27,270,9.0909,7.2094,47,250,15.8249,14.0439,31,266,10.4377,9.9781,25,272,8.4175,10.6624
PGS005318,eGFR_PRS,eGFR,49,49,8,0,0,14,35,28.5714,32.0951,26,23,53.0612,56.3234,20,29,40.8163,45.097,14,35,28.5714,32.4502
PGS005319,HF_PRS,Heart failure,12,12,3,0,0,0,12,0,0,2,10,16.6667,10.6068,1,11,8.3333,4.2672,3,9,25,34.0107
PGS005320,LPA_PRS,Lipoprotein (a),36,36,5,0,0,2,34,5.5556,2.2959,2,34,5.5556,2.2959,4,32,11.1111,6.7279,4,32,11.1111,22.6392
PGS005321,SBP_PRS,Systolic blood pressure,240,240,40,0,0,34,206,14.1667,13.0327,54,186,22.5,20.0068,35,205,14.5833,13.8981,22,218,9.1667,9.0053
PGS005322,PRS_EC,Coronary artery disease (Endothelial cell-related),36,36,0,0,1,9,27,25,28.9653,15,21,41.6667,44.4618,10,26,27.7778,33.1739,5,31,13.8889,16.2249
PGS005386,TNBC_162_M1,Triple-negative breast cancer,162,162,17,0,0,15,147,9.2593,5.2016,31,131,19.1358,21.162,24,138,14.8148,25.0395,42,120,25.9259,36.7448
PGS005387,TNBC_162_M2,Triple-negative breast cancer,162,162,17,0,0,15,147,9.2593,5.5134,32,130,19.7531,21.5971,24,138,14.8148,25.2049,42,120,25.9259,37.612
PGS005388,PAF_PRS,Paroxysmal atrial fibrillation,122,122,15,0,0,20,102,16.3934,15.2705,39,83,31.9672,27.769,22,100,18.0328,15.6394,12,110,9.8361,9.1229
PGS005389,ADRD_consensus_main_score,Alzheimer's disease,115,115,15,0,0,11,104,9.5652,5.1963,19,96,16.5217,10.2587,12,103,10.4348,16.106,19,96,16.5217,24.1502
PGS005390,ADRD_consensus_no_proxy_score,Alzheimer's disease,91,91,10,0,0,6,85,6.5934,3.9993,12,79,13.1868,10.202,6,85,6.5934,8.7665,15,76,16.4835,19.6181
PGS005391,ADRD_consensus_no_biobank_score,Alzheimer's disease,65,65,9,0,0,3,62,4.6154,4.495,8,57,12.3077,10.7048,3,62,4.6154,18.2354,14,51,21.5385,34.3034
PGS005402,PRS121,Colorectal cancer,121,121,14,0,0,25,96,20.6612,23.9631,37,84,30.5785,34.4331,21,100,17.3554,19.2742,35,86,28.9256,32.3454
PGS012514,SBP,Systolic blood pressure,107,107,0,0,0,34,73,31.7757,28.6666,54,53,50.4673,47.6159,36,71,33.6449,33.8472,22,85,20.5607,20.7993
PGS012515,DBP,Diastolic blood pressure,98,98,0,0,0,11,87,11.2245,9.9658,22,76,22.449,22.5499,14,84,14.2857,12.9752,16,82,16.3265,16.9137
PGS012516,HDL,HDL cholesterol,482,482,0,0,0,56,426,11.6183,10.4869,88,394,18.2573,15.7638,64,418,13.278,12.7622,57,425,11.8257,13.6418
PGS012517,LDL,LDL cholesterol,245,245,0,0,0,105,140,42.8571,36.6008,150,95,61.2245,57.1933,115,130,46.9388,44.4226,68,177,27.7551,29.8143
PGS012519,VTE,Venous thromboembolism,46,46,0,0,0,5,41,10.8696,6.9631,8,38,17.3913,11.4143,3,43,6.5217,3.858,8,38,17.3913,16.4372
PGS012520,OSA_bmi_unadj,Obstructive sleep apnea,17,17,2,0,0,3,14,17.6471,21.5014,6,11,35.2941,42.7792,5,12,29.4118,38.6295,5,12,29.4118,32.1212
PGS012521,OSA_bmi_adj,Obstructive sleep apnea (adjusted for BMI),6,6,1,0,0,2,4,33.3333,23.3218,2,4,33.3333,23.3218,2,4,33.3333,23.3218,1,5,16.6667,13.5951
PGS012548,PRS94_AD,Alzheimer's disease,94,94,11,0,0,10,84,10.6383,5.9532,14,80,14.8936,7.7723,15,79,15.9574,12.0945,21,73,22.3404,16.978
PGS012549,PRS10_NAFLD,Nonalcoholic fatty liver disease,10,10,0,0,0,3,7,30,28.4915,5,5,50,53.3461,3,7,30,32.445,4,6,40,40.1826
PGS012550,PRS13_IPF,Idiopathic pulmonary fibrosis,13,13,0,0,0,2,11,15.3846,13.2933,2,11,15.3846,13.2933,2,11,15.3846,13.2933,4,9,30.7692,25.5794
PGS012553,PRS24_BC,Bladder cancer,24,24,2,0,0,12,12,50,56.3524,13,11,54.1667,59.03,12,12,50,56.3524,13,11,54.1667,59.4596
PGS012554,GRS_T2D,Type 2 diabetes (T2D),424,424,55,0,0,57,367,13.4434,14.3938,102,322,24.0566,23.8152,63,361,14.8585,16.3447,67,357,15.8019,19.3424
PGS012562,PRS8_PU,Peptic ulcer disease,8,8,0,0,0,0,8,0,0,1,7,12.5,10.9543,0,8,0,0,0,8,0,0
PGS012563,PRS31_AAA,Abdominal aortic aneurysm,31,31,0,0,0,11,20,35.4839,35.1051,15,16,48.3871,47.7438,14,17,45.1613,44.0715,14,17,45.1613,49.1124
PGS012564,GRS22_COPD,Chronic obstructive pulmonary disease,22,22,3,0,0,7,15,31.8182,31.2586,10,12,45.4545,42.477,8,14,36.3636,34.7818,7,15,31.8182,37.5797
PGS012577,GRS134_AF,Atrial fibrillation,134,134,13,0,0,22,112,16.4179,13.5334,32,102,23.8806,19.6663,20,114,14.9254,12.7391,18,116,13.4328,11.8585
PGS012579,PRS11_stroke,Stroke,11,11,2,0,0,3,8,27.2727,25.9674,3,8,27.2727,25.9674,3,8,27.2727,25.9674,3,8,27.2727,25.2182
PGS012580,PRS25_AF,Atrial fibrillation,25,25,2,0,0,3,22,12,8.0067,8,17,32,41.3211,7,18,28,37.8394,8,17,32,41.626
PGS012581,PRS169_CAD,Coronary artery disease,169,169,28,0,0,28,141,16.568,15.3274,40,129,23.6686,20.9307,31,138,18.3432,16.8519,32,137,18.9349,21.371
PGS012582,PRS13_cholelithiasis,Cholelithiasis,13,13,0,0,0,1,12,7.6923,23.4171,3,10,23.0769,31.7584,2,11,15.3846,28.2775,6,7,46.1538,63.3506
PGS012583,PRS141_CRC,Colorectal cancer,141,141,0,0,0,23,118,16.3121,14.0814,34,107,24.1135,20.1876,24,117,17.0213,14.6197,33,108,23.4043,20.3492
PGS012584,PRS44_PD,Parkinson's disease,44,44,2,0,0,5,39,11.3636,6.3346,9,35,20.4545,11.3427,10,34,22.7273,16.0376,22,22,50,45.6363
PGS012585,PRSTSH,Thyroid stimulating hormone levels,59,59,2,0,0,5,54,8.4746,8.9184,9,50,15.2542,14.1486,7,52,11.8644,12.7856,6,53,10.1695,8.0996
PGS012589,PRS29_dementia,Dementia,29,29,0,0,0,3,26,10.3448,6.0151,7,22,24.1379,19.7072,6,23,20.6897,15.992,6,23,20.6897,19.2788
PGS018416,PRS_knee,Knee osteoarthritis,83,83,12,0,0,6,77,7.2289,4.6495,12,71,14.4578,8.1037,7,76,8.4337,5.7805,11,72,13.253,10.1136
PGS018417,PRS_hip,Hip osteoarthritis,70,70,8,0,0,10,60,14.2857,6.2814,17,53,24.2857,9.8426,10,60,14.2857,6.3751,14,56,20,10.6762
PGS018418,T2D_GRS,Type 2 diabetes (T2D),37,37,4,0,0,8,29,21.6216,24.4094,16,21,43.2432,46.9816,14,23,37.8378,41.9948,17,20,45.9459,48.294
PGS018430,TPMI_070.4_Lassosum2,Chronic hepatitis,305,305,0,0,0,122,183,40,37.1339,185,120,60.6557,61.8175,118,187,38.6885,36.7088,76,229,24.918,28.4331
PGS018435,TPMI_070.9_Lassosum2,Hepatitis NOS,60,60,0,0,0,23,37,38.3333,32.6386,39,21,65,63.4179,26,34,43.3333,38.4964,6,54,10,6.6841
PGS018440,TPMI_078_Lassosum2,Viral warts HPV,85,85,0,0,0,39,46,45.8824,42.0076,56,29,65.8824,69.6231,43,42,50.5882,50.4785,11,74,12.9412,22.8184
PGS018450,TPMI_110.13_Lassosum2,Dermatophytosis of the body,54,54,0,0,0,22,32,40.7407,49.006,32,22,59.2593,64.2801,19,35,35.1852,41.0428,10,44,18.5185,22.0493
PGS018460,TPMI_145.2_Lassosum2,Tongue cancer,11,11,0,0,0,1,10,9.0909,1.574,2,9,18.1818,37.1777,1,10,9.0909,1.574,4,7,36.3636,84.0137
PGS018465,TPMI_149_Lassosum2,Cancer of larynx pharynx nasal cavities,4,4,0,0,0,2,2,50,24.3529,3,1,75,37.4867,2,2,50,24.3529,3,1,75,86.8662
PGS018470,TPMI_149.2_Lassosum2,Cancer of nasopharynx,211,211,0,0,0,83,128,39.3365,48.6,122,89,57.8199,65.1323,79,132,37.4408,45.3242,55,156,26.0664,41.3128
PGS018475,TPMI_150_Lassosum2,Esophageal cancer,5,5,0,0,0,2,3,40,9.5656,3,2,60,12.0307,2,3,40,9.5656,3,2,60,12.0307
PGS018480,TPMI_151_Lassosum2,Cancer of stomach,2,2,0,0,0,1,1,50,40.893,2,0,100,100,1,1,50,40.893,0,2,0,0
PGS018500,TPMI_155_Lassosum2,Cancer of liver and intrahepatic bile duct,20,20,0,0,0,11,9,55,48.3111,14,6,70,66.9232,13,7,65,62.272,9,11,45,68.2448
PGS018505,TPMI_155.1_Lassosum2,Malignant neoplasm of liver primary,76,76,0,0,0,24,52,31.5789,28.377,46,30,60.5263,62.2776,29,47,38.1579,44.3501,34,42,44.7368,49.8122
PGS018510,TPMI_158_Lassosum2,Neoplasm of unspecified nature of digestive system,26,26,0,0,0,12,14,46.1538,62.3215,17,9,65.3846,80.6137,12,14,46.1538,62.7981,8,18,30.7692,21.716
PGS018540,TPMI_180_Lassosum2,Cervical cancer and dysplasia,32,32,0,0,0,11,21,34.375,32.7954,19,13,59.375,68.069,13,19,40.625,33.5586,15,17,46.875,52.5141
PGS018550,TPMI_180.3_Lassosum2,Cervical intraepithelial neoplasia CIN Cervical dysplasia,21,21,0,0,0,10,11,47.619,29.0273,16,5,76.1905,83.1604,10,11,47.619,40.7147,4,17,19.0476,43.3223
PGS018575,TPMI_191_Lassosum2,Manlignant and unknown neoplasms of brain and nervous system,43,43,0,0,0,22,21,51.1628,38.9659,31,12,72.093,65.8709,22,21,51.1628,34.6983,2,41,4.6512,6.0244
PGS018580,TPMI_193_Lassosum2,Thyroid cancer,966,966,0,0,0,439,527,45.4451,41.7049,625,341,64.6998,61.1954,429,537,44.4099,40.8998,164,802,16.9772,23.2835
PGS018585,TPMI_195_Lassosum2,Cancer suspected or other,1,1,0,0,0,0,1,0,0,0,1,0,0,0,1,0,0,1,0,100,100
PGS018590,TPMI_195.1_Lassosum2,Malignant neoplasm other,2,2,0,0,0,1,1,50,3.9359,1,1,50,3.9359,1,1,50,3.9359,2,0,100,100
PGS018595,TPMI_198_Lassosum2,Secondary malignant neoplasm,6,6,0,0,0,2,4,33.3333,8.9583,3,3,50,40.4481,2,4,33.3333,8.9583,4,2,66.6667,60.4688
PGS018600,TPMI_198.6_Lassosum2,Secondary malignancy of bone,1,1,0,0,0,1,0,100,100,1,0,100,100,1,0,100,100,1,0,100,100
PGS018605,TPMI_199_Lassosum2,Neoplasm of uncertain behavior,25,25,0,0,0,13,12,52,41.6908,14,11,56,51.0034,11,14,44,27.8561,4,21,16,25.6525
PGS018620,TPMI_218_Lassosum2,Benign neoplasm of uterus,222,222,0,0,0,88,134,39.6396,32.6352,119,103,53.6036,47.9246,82,140,36.9369,29.9448,49,173,22.0721,30.3651
PGS018635,TPMI_226_Lassosum2,Benign neoplasm of thyroid glands,90,90,0,0,0,36,54,40,46.6266,49,41,54.4444,55.7648,36,54,40,48.3558,17,73,18.8889,28.4137
PGS018640,TPMI_228_Lassosum2,Hemangioma and lymphangioma any site,488,488,0,0,0,202,286,41.3934,47.2305,294,194,60.2459,68.8306,188,300,38.5246,46.3981,67,421,13.7295,14.2659
PGS018645,TPMI_240_Lassosum2,Simple and unspecified goiter,390,390,0,0,0,185,205,47.4359,52.9176,261,129,66.9231,70.7506,169,221,43.3333,50.5391,79,311,20.2564,28.3152
PGS018655,TPMI_241.1_Lassosum2,Nontoxic uninodular goiter,327,327,0,0,0,147,180,44.9541,46.0964,219,108,66.9725,64.7877,131,196,40.0612,41.3563,62,265,18.9602,19.5198
PGS018660,TPMI_241.2_Lassosum2,Nontoxic multinodular goiter,610,610,0,0,0,252,358,41.3115,45.9453,362,248,59.3443,63.4152,238,372,39.0164,42.3038,125,485,20.4918,25.1786
PGS018671,TPMI_242.1_Lassosum2,Graves disease,415,415,0,0,0,162,253,39.0361,42.6898,257,158,61.9277,66.3789,158,257,38.0723,40.7832,119,296,28.6747,32.7986
PGS018677,TPMI_244_Lassosum2,Hypothyroidism,217,217,0,0,0,87,130,40.0922,39.7025,145,72,66.8203,58.8079,94,123,43.318,38.1854,77,140,35.4839,28.3175
PGS018683,TPMI_244.4_Lassosum2,Hypothyroidism NOS,493,493,0,0,0,206,287,41.785,43.9528,323,170,65.5172,62.3785,211,282,42.7992,44.6081,124,369,25.1521,24.0393
PGS018695,TPMI_245.2_Lassosum2,Chronic thyroiditis,171,171,0,0,0,70,101,40.9357,44.6534,114,57,66.6667,64.9377,76,95,44.4444,48.0829,67,104,39.1813,39.3178
PGS018701,TPMI_245.21_Lassosum2,Chronic lymphocytic thyroiditis,190,190,0,0,0,77,113,40.5263,44.0598,126,64,66.3158,65.044,86,104,45.2632,47.236,74,116,38.9474,38.027
PGS018712,TPMI_246.2_Lassosum2,Thyroid cyst,287,287,0,0,0,128,159,44.5993,45.8358,189,98,65.8537,63.7788,114,173,39.7213,41.8415,59,228,20.5575,21.8315
PGS018729,TPMI_250.4_Lassosum2,Abnormal glucose,32,32,0,0,0,20,12,62.5,81.3418,24,8,75,89.156,21,11,65.625,82.7731,19,13,59.375,74.7795
PGS018734,TPMI_250.6_Lassosum2,Polyneuropathy in diabetes,669,669,0,0,0,300,369,44.843,50.022,433,236,64.7235,70.4696,297,372,44.3946,51.4518,144,525,21.5247,26.4907
PGS018740,TPMI_250.7_Lassosum2,Diabetic retinopathy,96,96,0,0,0,40,56,41.6667,53.5501,66,30,68.75,71.1188,39,57,40.625,50.6283,21,75,21.875,35.5667
PGS018801,TPMI_272.11_Lassosum2,Hypercholesterolemia,63,63,0,0,0,29,34,46.0317,34.0786,44,19,69.8413,70.2542,31,32,49.2063,60.4059,21,42,33.3333,65.0476
PGS018806,TPMI_272.12_Lassosum2,Hyperglyceridemia,26,26,0,0,0,15,11,57.6923,80.5156,18,8,69.2308,82.0919,17,9,65.3846,82.9642,12,14,46.1538,81.8311
PGS018811,TPMI_272.13_Lassosum2,Mixed hyperlipidemia,594,594,0,0,0,251,343,42.2559,42.7343,365,229,61.4478,65.0941,246,348,41.4141,47.624,143,451,24.0741,42.8975
PGS018834,TPMI_277_Lassosum2,Other disorders of metabolism,4,4,0,0,0,3,1,75,95.3212,2,2,50,77.1732,3,1,75,95.3212,3,1,75,86.5676
PGS018839,TPMI_277.2_Lassosum2,Other disorders of purine and pyrimidine metabolism,89,89,0,0,0,44,45,49.4382,47.4337,59,30,66.2921,57.3969,41,48,46.0674,46.3935,22,67,24.7191,43.4807
PGS018856,TPMI_279_Lassosum2,Disorders involving the immune mechanism,12,12,0,0,0,5,7,41.6667,19.7481,5,7,41.6667,14.9053,5,7,41.6667,19.7481,4,8,33.3333,75.2514
PGS018881,TPMI_282_Lassosum2,Hereditary hemolytic anemias,388,388,0,0,0,154,234,39.6907,35.4822,240,148,61.8557,61.9841,152,236,39.1753,36.437,77,311,19.8454,25.0334
PGS018886,TPMI_285_Lassosum2,Other anemias,136,136,0,0,0,61,75,44.8529,38.8748,95,41,69.8529,64.2299,53,83,38.9706,35.777,28,108,20.5882,13.8125
PGS018906,TPMI_290.11_Lassosum2,Alzheimers disease,87,87,0,0,0,41,46,47.1264,74.3005,59,28,67.8161,56.6818,41,46,47.1264,74.8324,18,69,20.6897,62.9412
PGS018916,TPMI_291_Lassosum2,Other specified nonpsychotic and or transient mental disorders,317,317,0,0,0,165,152,52.0505,60.6597,221,96,69.7161,64.2348,152,165,47.9495,57.0916,73,244,23.0284,37.0793
PGS018921,TPMI_291.4_Lassosum2,Specific nonpsychotic mental disorders due to brain damage,127,127,0,0,0,65,62,51.1811,72.8308,89,38,70.0787,61.3982,63,64,49.6063,65.6106,30,97,23.622,51.6251
PGS018926,TPMI_292_Lassosum2,Neurological disorders,4,4,0,0,0,3,1,75,96.5827,3,1,75,96.5827,3,1,75,96.5827,1,3,25,87.5671
PGS018951,TPMI_315_Lassosum2,Develomental delays and disorders,21,21,0,0,0,11,10,52.381,77.1469,14,7,66.6667,82.1864,10,11,47.619,75.0731,4,17,19.0476,22.7279
PGS018956,TPMI_317_Lassosum2,Alcohol related disorders,30,30,0,0,0,16,14,53.3333,60.6371,20,10,66.6667,71.5301,15,15,50,59.3628,7,23,23.3333,42.8891
PGS018961,TPMI_317.1_Lassosum2,Alcoholism,15,15,0,0,0,9,6,60,65.6132,10,5,66.6667,74.7811,8,7,53.3333,62.7051,4,11,26.6667,45.8154
PGS018966,TPMI_327.5_Lassosum2,Parasomnia,5,5,0,0,0,2,3,40,29.0927,4,1,80,86.5983,3,2,60,37.9035,1,4,20,48.6947
PGS018991,TPMI_345.1_Lassosum2,Epilepsy,65,65,0,0,0,21,44,32.3077,38.5367,32,33,49.2308,57.0958,19,46,29.2308,34.3862,8,57,12.3077,12.1788
PGS019011,TPMI_362_Lassosum2,Other retinal disorders,12,12,0,0,0,8,4,66.6667,69.2825,11,1,91.6667,97.7163,8,4,66.6667,91.8123,7,5,58.3333,90.9293
PGS019016,TPMI_362.2_Lassosum2,Degeneration of macula and posterior pole of retina,4,4,0,0,0,2,2,50,64.3664,4,0,100,100,3,1,75,96.6275,3,1,75,96.6275
PGS019021,TPMI_362.6_Lassosum2,Peripheral retinal degenerations,107,107,0,0,0,47,60,43.9252,44.6872,71,36,66.3551,62.0711,49,58,45.7944,43.6081,16,91,14.9533,18.0563
PGS019031,TPMI_362.29_Lassosum2,Macular degeneration senile of retina NOS,222,222,0,0,0,96,126,43.2432,54.6188,130,92,58.5586,75.1249,99,123,44.5946,61.2864,43,179,19.3694,31.8204
PGS019061,TPMI_371.1_Lassosum2,Uveitis noninfectious or NOS,20,20,0,0,0,2,18,10,13.1138,11,9,55,24.2483,4,16,20,20.3849,14,6,70,82.1756
PGS019066,TPMI_379_Lassosum2,Other disorders of eye,13,13,0,0,0,3,10,23.0769,4.4309,8,5,61.5385,33.4137,5,8,38.4615,14.0212,4,9,30.7692,83.3531
PGS019071,TPMI_379.5_Lassosum2,Disorders of iris and ciliary body,716,716,0,0,0,307,409,42.8771,35.69,463,253,64.6648,60.8566,305,411,42.5978,41.8977,166,550,23.1844,37.0172
PGS019096,TPMI_386.3_Lassosum2,Labyrinthitis,245,245,0,0,0,122,123,49.7959,51.9869,160,85,65.3061,67.1032,119,126,48.5714,50.4439,40,205,16.3265,16.135
PGS019106,TPMI_386.21_Lassosum2,Central origin vertigo,408,408,0,0,0,187,221,45.8333,53.353,275,133,67.402,71.8365,188,220,46.0784,53.8726,78,330,19.1176,18.2544
PGS019180,TPMI_414.2_Lassosum2,ASCVD,72,72,0,0,0,26,46,36.1111,39.6426,47,25,65.2778,70.4711,28,44,38.8889,52.2098,15,57,20.8333,22.7872
PGS019190,TPMI_427.1_Lassosum2,Paroxysmal tachycardia unspecified,70,70,0,0,0,24,46,34.2857,29.3956,40,30,57.1429,47.928,29,41,41.4286,36.8203,21,49,30,23.1262
PGS019195,TPMI_427.2_Lassosum2,Atrial fibrillation and flutter,837,837,0,0,0,350,487,41.816,41.5546,531,306,63.4409,62.4149,345,492,41.2186,43.7893,150,687,17.9211,24.3845
PGS019200,TPMI_427.5_Lassosum2,Arrhythmia cardiac NOS,11,11,0,0,0,5,6,45.4545,29.1415,7,4,63.6364,54.04,5,6,45.4545,33.1318,6,5,54.5455,49.9463
PGS019205,TPMI_427.6_Lassosum2,Premature beats,59,59,0,0,0,24,35,40.678,44.5274,33,26,55.9322,54.9532,20,39,33.8983,37.7966,19,40,32.2034,40.0894
PGS019210,TPMI_427.21_Lassosum2,Atrial fibrillation,883,883,0,0,0,376,507,42.5821,41.4294,586,297,66.3647,64.2742,371,512,42.0159,43.1378,173,710,19.5923,25.6798
PGS019270,TPMI_475_Lassosum2,Chronic sinusitis,16,16,0,0,0,2,14,12.5,4.0277,8,8,50,51.0247,3,13,18.75,9.2469,10,6,62.5,53.4201
PGS019280,TPMI_480_Lassosum2,Pneumonia,144,144,0,0,0,79,65,54.8611,56.8406,96,48,66.6667,68.4946,71,73,49.3056,48.4747,38,106,26.3889,29.7872
PGS019335,TPMI_531.3_Lassosum2,Duodenal ulcer,19,19,0,0,0,8,11,42.1053,49.0558,10,9,52.6316,66.212,6,13,31.5789,43.4832,2,17,10.5263,6.807
PGS019355,TPMI_571_Lassosum2,Chronic liver disease and cirrhosis,383,383,0,0,0,165,218,43.0809,41.0578,244,139,63.7076,63.2602,157,226,40.9922,40.1538,81,302,21.1488,20.6391
PGS019360,TPMI_571.5_Lassosum2,Other chronic nonalcoholic liver disease,17,17,0,0,0,6,11,35.2941,38.9443,9,8,52.9412,75.4834,6,11,35.2941,38.9443,3,14,17.6471,13.3478
PGS019365,TPMI_571.51_Lassosum2,Cirrhosis of liver without mention of alcohol,25,25,0,0,0,11,14,44,34.6509,17,8,68,59.0269,13,12,52,40.2878,7,18,28,30.892
PGS019370,TPMI_573_Lassosum2,Other disorders of liver,98,98,0,0,0,42,56,42.8571,42.4428,65,33,66.3265,65.2943,44,54,44.898,45.0338,27,71,27.551,28.2599
PGS019375,TPMI_573.7_Lassosum2,Abnormal results of function study of liver,27,27,0,0,0,11,16,40.7407,48.8853,22,5,81.4815,81.7742,11,16,40.7407,45.522,8,19,29.6296,29.2632
PGS019380,TPMI_574_Lassosum2,Cholelithiasis and cholecystitis,828,828,0,0,0,342,486,41.3043,41.2238,500,328,60.3865,60.2628,328,500,39.6135,40.849,142,686,17.1498,15.3465
PGS019385,TPMI_574.1_Lassosum2,Cholelithiasis,822,822,0,0,0,353,469,42.944,39.7804,511,311,62.1655,60.687,344,478,41.8491,39.6817,152,670,18.4915,17.0501
PGS019390,TPMI_575_Lassosum2,Other biliary tract disease,114,114,0,0,0,43,71,37.7193,29.9137,69,45,60.5263,56.9361,44,70,38.5965,32.2153,24,90,21.0526,21.5346
PGS019395,TPMI_575.6_Lassosum2,Cholesterolosis of gallbladder,94,94,0,0,0,37,57,39.3617,32.5475,63,31,67.0213,62.9572,34,60,36.1702,33.8334,24,70,25.5319,31.3019
PGS019453,TPMI_586.2_Lassosum2,Cyst of kidney acquired,2,2,0,0,0,1,1,50,16.6771,2,0,100,100,2,0,100,100,1,1,50,83.3229
PGS019512,TPMI_599.2_Lassosum2,Retention of urine,234,234,0,0,0,111,123,47.4359,47.7011,145,89,61.9658,59.8075,106,128,45.2991,47.2302,45,189,19.2308,25.2644
PGS019532,TPMI_610.1_Lassosum2,Cystic mastopathy,1,1,0,0,0,1,0,100,100,1,0,100,100,1,0,100,100,0,1,0,0
PGS019547,TPMI_613.7_Lassosum2,Other signs and symptoms in breast,2,2,0,0,0,0,2,0,0,1,1,50,94.0197,1,1,50,94.0197,0,2,0,0
PGS019552,TPMI_615_Lassosum2,Endometriosis,787,787,0,0,0,332,455,42.1855,47.8765,485,302,61.6264,66.544,313,474,39.7713,44.2959,104,683,13.2147,17.4587
PGS019651,TPMI_709.7_Lassosum2,Unspecified diffuse connective tissue disease,229,229,0,0,0,91,138,39.738,34.2431,141,88,61.5721,52.3862,91,138,39.738,34.0362,43,186,18.7773,32.2863
PGS019666,TPMI_715_Lassosum2,Other inflammatory spondylopathies,27,27,0,0,0,6,21,22.2222,25.4089,16,11,59.2593,45.0752,9,18,33.3333,42.7059,15,12,55.5556,65.8473
PGS019671,TPMI_715.2_Lassosum2,Ankylosing spondylitis,20,20,0,0,0,6,14,30,33.7833,13,7,65,93.5415,7,13,35,8.2284,10,10,50,64.2265
PGS019677,TPMI_716_Lassosum2,Other arthropathies,22,22,0,0,0,10,12,45.4545,31.8868,14,8,63.6364,42.0686,10,12,45.4545,31.8868,6,16,27.2727,49.7875
PGS019682,TPMI_716.1_Lassosum2,Unspecified polyarthropathy or polyarthritis,5,5,0,0,0,3,2,60,19.262,3,2,60,19.262,3,2,60,19.262,3,2,60,81.0102
PGS019687,TPMI_716.8_Lassosum2,Palindromic rheumatism,40,40,0,0,0,14,26,35,51.0003,30,10,75,72.9212,18,22,45,58.1522,16,24,40,54.7049
PGS019692,TPMI_716.9_Lassosum2,Arthropathy NOS,19,19,0,0,0,8,11,42.1053,25.9899,12,7,63.1579,35.8205,7,12,36.8421,25.8743,6,13,31.5789,61.1903
PGS019727,TPMI_743.11_Lassosum2,Osteoporosis NOS,419,419,0,0,0,193,226,46.0621,48.1324,260,159,62.0525,63.7016,177,242,42.2434,45.8057,71,348,16.9451,23.2128
PGS019747,TPMI_783_Lassosum2,Fever of unknown origin,44,44,0,0,0,24,20,54.5455,60.3021,30,14,68.1818,73.0857,27,17,61.3636,65.5969,6,38,13.6364,22.6287
PGS019757,TPMI_790.6_Lassosum2,Other abnormal blood chemistry,4,4,0,0,0,4,0,100,100,3,1,75,74.2834,4,0,100,100,3,1,75,81.729
PGS019763,TPMI_795_Lassosum2,Other and nonspecific abnormal cytological histological and immunological findings,78,78,0,0,0,28,50,35.8974,33.794,45,33,57.6923,59.2159,28,50,35.8974,34.6161,15,63,19.2308,22.0676
PGS019768,TPMI_795.8_Lassosum2,Abnormal tumor markers,141,40,0,0,0,10,30,25,,20,20,50,,11,29,27.5,,7,33,17.5,
PGS019773,TPMI_796_Lassosum2,Elevated prostate specific antigen PSA,551,551,0,0,0,229,322,41.5608,42.8674,349,202,63.3394,64.907,231,320,41.9238,43.7145,106,445,19.2377,26.6445
